Trust Code,Trust Name,Commissioning Region,Trust Type,Site Code,Site Name,Post Code,Integrated Care Board,Local Authority,Site Type,Incineration (clinical waste) cost (£),Incineration (clinical waste) weight (Tonnes),Alternative Treatment (clinical waste) cost (£),Alternative Treatment (clinical waste) weight (Tonnes),Offensive waste cost (£),Offensive waste weight (Tonnes),Clinical waste (excluding incineration) processed on site cost (£),Clinical waste (excluding incineration) processed on site weight (Tonnes),Clinical waste processed at municipal waste plants cost (£),Clinical waste processed at municipal waste plants weight (Tonnes)
RA9,TORBAY AND SOUTH DEVON NHS FOUNDATION TRUST,SOUTH WEST COMMISSIONING REGION,ACUTE - MULTI-SERVICE,C8M8V,SHRUBLANDS HOUSE,TQ2 5RS,NHS DEVON ICB,TORBAY COUNCIL,Non inpatient,163,0.01,145,0.03,132,0.02,0,0,0,0
RA9,TORBAY AND SOUTH DEVON NHS FOUNDATION TRUST,SOUTH WEST COMMISSIONING REGION,ACUTE - MULTI-SERVICE,G9K8X,SHERBORNE HOUSE,TQ12 2PF,NHS DEVON ICB,DEVON COUNTY COUNCIL,Non inpatient,0,0,0,0,555,0.3,0,0,0,0
RA9,TORBAY AND SOUTH DEVON NHS FOUNDATION TRUST,SOUTH WEST COMMISSIONING REGION,ACUTE - MULTI-SERVICE,Q6Z8C,DARTMOUTH HEALTH & WELLBEING CENTRE,TQ6 0JL,NHS DEVON ICB,DEVON COUNTY COUNCIL,Non inpatient,380,0.15,667,0.49,227,0.25,0,0,0,0
RA9,TORBAY AND SOUTH DEVON NHS FOUNDATION TRUST,SOUTH WEST COMMISSIONING REGION,ACUTE - MULTI-SERVICE,RA901,TORBAY DISTRICT GENERAL HOSPITAL,TQ2 7AA,NHS DEVON ICB,TORBAY COUNCIL,General acute hospital,202667,160.18,101910,206.38,84120,299.9,0,0,0,0
RA9,TORBAY AND SOUTH DEVON NHS FOUNDATION TRUST,SOUTH WEST COMMISSIONING REGION,ACUTE - MULTI-SERVICE,RA905,REGENT HOUSE,TQ2 7AN,NHS DEVON ICB,TORBAY COUNCIL,Non inpatient,0,0,0,0,0,0,0,0,0,0
RA9,TORBAY AND SOUTH DEVON NHS FOUNDATION TRUST,SOUTH WEST COMMISSIONING REGION,ACUTE - MULTI-SERVICE,RA906,ST EDMUNDS,TQ1 3QH,NHS DEVON ICB,TORBAY COUNCIL,Non inpatient,1017,0.16,0,0,0,0,0,0,0,0
RA9,TORBAY AND SOUTH DEVON NHS FOUNDATION TRUST,SOUTH WEST COMMISSIONING REGION,ACUTE - MULTI-SERVICE,RA90J,CASTLE CIRCUS HEALTH CENTRE,TQ2 7AJ,NHS DEVON ICB,TORBAY COUNCIL,Non inpatient,1846,0.22,1977,2.6,0,0,0,0,0,0
RA9,TORBAY AND SOUTH DEVON NHS FOUNDATION TRUST,SOUTH WEST COMMISSIONING REGION,ACUTE - MULTI-SERVICE,RA949,"UNIT 7, LONG ROAD",TQ4 7HP,NHS DEVON ICB,TORBAY COUNCIL,Non inpatient,0,0,0,0,0,0,0,0,0,0
RA9,TORBAY AND SOUTH DEVON NHS FOUNDATION TRUST,SOUTH WEST COMMISSIONING REGION,ACUTE - MULTI-SERVICE,RA952,ASHBURTON AND BUCKFASTLEIGH HOSPITAL,TQ13 7AP,NHS DEVON ICB,DEVON COUNTY COUNCIL,Non inpatient,358,0.11,779,0.09,474,2.92,0,0,0,0
RA9,TORBAY AND SOUTH DEVON NHS FOUNDATION TRUST,SOUTH WEST COMMISSIONING REGION,ACUTE - MULTI-SERVICE,RA954,BRIXHAM HOSPITAL,TQ5 9HW,NHS DEVON ICB,TORBAY COUNCIL,Community hospital (with inpatient beds),1480,0.36,1499,2.01,3235,6.6,0,0,0,0
RA9,TORBAY AND SOUTH DEVON NHS FOUNDATION TRUST,SOUTH WEST COMMISSIONING REGION,ACUTE - MULTI-SERVICE,RA956,DAWLISH HOSPITAL,EX7 9DH,NHS DEVON ICB,DEVON COUNTY COUNCIL,Community hospital (with inpatient beds),725,0.15,1434,1.65,3336,7.5,0,0,0,0
RA9,TORBAY AND SOUTH DEVON NHS FOUNDATION TRUST,SOUTH WEST COMMISSIONING REGION,ACUTE - MULTI-SERVICE,RA957,NEWTON ABBOT HOSPITAL,TQ12 4PT,NHS DEVON ICB,DEVON COUNTY COUNCIL,Community hospital (with inpatient beds),4565,2.61,7044,11.57,13076,34.65,0,0,0,0
RA9,TORBAY AND SOUTH DEVON NHS FOUNDATION TRUST,SOUTH WEST COMMISSIONING REGION,ACUTE - MULTI-SERVICE,RA958,PAIGNTON HOSPITAL,TQ3 3AG,NHS DEVON ICB,TORBAY COUNCIL,Non inpatient,793,0.23,1411,1.05,1958,3.42,0,0,0,0
RA9,TORBAY AND SOUTH DEVON NHS FOUNDATION TRUST,SOUTH WEST COMMISSIONING REGION,ACUTE - MULTI-SERVICE,RA959,TEIGNMOUTH HOSPITAL,TQ14 9BQ,NHS DEVON ICB,DEVON COUNTY COUNCIL,Non inpatient,1027,0.28,268,0.17,1783,2.73,0,0,0,0
RA9,TORBAY AND SOUTH DEVON NHS FOUNDATION TRUST,SOUTH WEST COMMISSIONING REGION,ACUTE - MULTI-SERVICE,RA979,TOTNES HOSPITAL,TQ9 5GH,NHS DEVON ICB,DEVON COUNTY COUNCIL,Community hospital (with inpatient beds),1650,0.58,1602,2.88,1405,4.59,0,0,0,0
RA9,TORBAY AND SOUTH DEVON NHS FOUNDATION TRUST,SOUTH WEST COMMISSIONING REGION,ACUTE - MULTI-SERVICE,RA9CY,HOLLACOMBE COMMUNITY RESOURCE CENTRE,TQ3 2DJ,NHS DEVON ICB,TORBAY COUNCIL,Learning Disabilities,0,0,257,0.04,1969,2.65,0,0,0,0
RA9,TORBAY AND SOUTH DEVON NHS FOUNDATION TRUST,SOUTH WEST COMMISSIONING REGION,ACUTE - MULTI-SERVICE,RA9KA,KINGS ASH HOUSE,TQ3 3XZ,NHS DEVON ICB,TORBAY COUNCIL,Non inpatient,946,0.1,0,0,0,0,0,0,0,0
RA9,TORBAY AND SOUTH DEVON NHS FOUNDATION TRUST,SOUTH WEST COMMISSIONING REGION,ACUTE - MULTI-SERVICE,RA9NH,UNION HOUSE,TQ1 3YA,NHS DEVON ICB,TORBAY COUNCIL,Non inpatient,0,0,0,0,0,0,0,0,0,0
RA9,TORBAY AND SOUTH DEVON NHS FOUNDATION TRUST,SOUTH WEST COMMISSIONING REGION,ACUTE - MULTI-SERVICE,RA9ORS,OTHER REPORTABLE SITES,TQ2 7AA,NHS DEVON ICB,TORBAY COUNCIL,Other Reportable Site,971,0.02,1289,0.44,0,0,0,0,0,0
RH8,ROYAL DEVON UNIVERSITY HEALTHCARE NHS FOUNDATION TRUST,SOUTH WEST COMMISSIONING REGION,ACUTE - LARGE,E8Q7Z,HOLSWORTHY HOSPITAL,EX22 6JQ,NHS DEVON ICB,DEVON COUNTY COUNCIL,Non inpatient,637,0.34,107,0.08,644,0.72,0,0,0,0
RH8,ROYAL DEVON UNIVERSITY HEALTHCARE NHS FOUNDATION TRUST,SOUTH WEST COMMISSIONING REGION,ACUTE - LARGE,J7S5V,KESTREL PPE STORE,EX2 7LA,NHS DEVON ICB,DEVON COUNTY COUNCIL,Non inpatient,0,0,0,0,0,0,0,0,0,0
RH8,ROYAL DEVON UNIVERSITY HEALTHCARE NHS FOUNDATION TRUST,SOUTH WEST COMMISSIONING REGION,ACUTE - LARGE,K0K6H,ILFRACOMBE HOSPITAL,EX34 8JF,NHS DEVON ICB,DEVON COUNTY COUNCIL,Non inpatient,1654,0.24,1084,0.57,569,0.93,0,0,0,0
RH8,ROYAL DEVON UNIVERSITY HEALTHCARE NHS FOUNDATION TRUST,SOUTH WEST COMMISSIONING REGION,ACUTE - LARGE,K6V4F,TORRINGTON HOSPITAL,EX38 7BJ,NHS DEVON ICB,DEVON COUNTY COUNCIL,Non inpatient,3303,0.66,13,0.02,486,0.79,0,0,0,0
RH8,ROYAL DEVON UNIVERSITY HEALTHCARE NHS FOUNDATION TRUST,SOUTH WEST COMMISSIONING REGION,ACUTE - LARGE,L4L6K,BARNSTAPLE HEALTH CENTRE,EX32 7BH,NHS DEVON ICB,DEVON COUNTY COUNCIL,Non inpatient,332,0.35,890,1.05,2187,2.97,0,0,0,0
RH8,ROYAL DEVON UNIVERSITY HEALTHCARE NHS FOUNDATION TRUST,SOUTH WEST COMMISSIONING REGION,ACUTE - LARGE,RH801,ROYAL DEVON & EXETER HOSPITAL (WONFORD),EX2 5DW,NHS DEVON ICB,DEVON COUNTY COUNCIL,General acute hospital,441448,760,0,0,0,0,0,0,0,0
RH8,ROYAL DEVON UNIVERSITY HEALTHCARE NHS FOUNDATION TRUST,SOUTH WEST COMMISSIONING REGION,ACUTE - LARGE,RH802,HEAVITREE HOSPITAL ,EX1 2ED,NHS DEVON ICB,DEVON COUNTY COUNCIL,Non inpatient,26985,47,0,0,0,0,0,0,0,0
RH8,ROYAL DEVON UNIVERSITY HEALTHCARE NHS FOUNDATION TRUST,SOUTH WEST COMMISSIONING REGION,ACUTE - LARGE,RH833,OKEHAMPTON COMMUNITY HOSPITAL,EX20 1PN,NHS DEVON ICB,DEVON COUNTY COUNCIL,Non inpatient,1335,0.31,861,0.79,553,0.39,0,0,0,0
RH8,ROYAL DEVON UNIVERSITY HEALTHCARE NHS FOUNDATION TRUST,SOUTH WEST COMMISSIONING REGION,ACUTE - LARGE,RH834,OTTERY ST MARY HOSPITAL,EX11 1DN,NHS DEVON ICB,DEVON COUNTY COUNCIL,Non inpatient,3151,0.86,1938,2.49,1874,1.66,0,0,0,0
RH8,ROYAL DEVON UNIVERSITY HEALTHCARE NHS FOUNDATION TRUST,SOUTH WEST COMMISSIONING REGION,ACUTE - LARGE,RH836,CREDITON HOSPITAL,EX17 3NH,NHS DEVON ICB,DEVON COUNTY COUNCIL,Non inpatient,1482,0.23,428,0.5,234,0.3,0,0,0,0
RH8,ROYAL DEVON UNIVERSITY HEALTHCARE NHS FOUNDATION TRUST,SOUTH WEST COMMISSIONING REGION,ACUTE - LARGE,RH837,SOUTH MOLTON HOSPITAL,EX36 4DP,NHS DEVON ICB,DEVON COUNTY COUNCIL,Community hospital (with inpatient beds),665,0.68,1627,1.35,2832,7.17,0,0,0,0
RH8,ROYAL DEVON UNIVERSITY HEALTHCARE NHS FOUNDATION TRUST,SOUTH WEST COMMISSIONING REGION,ACUTE - LARGE,RH853,TIVERTON & DISTRICT HOSPITAL,EX16 6AN,NHS DEVON ICB,DEVON COUNTY COUNCIL,Community hospital (with inpatient beds),3209,3.99,10145,11.36,7115,10.19,0,0,0,0
RH8,ROYAL DEVON UNIVERSITY HEALTHCARE NHS FOUNDATION TRUST,SOUTH WEST COMMISSIONING REGION,ACUTE - LARGE,RH854,HONITON HOSPITAL,EX14 2DE,NHS DEVON ICB,DEVON COUNTY COUNCIL,Community hospital (with inpatient beds),9731,8.31,1722,1.85,937,0.8,0,0,0,0
RH8,ROYAL DEVON UNIVERSITY HEALTHCARE NHS FOUNDATION TRUST,SOUTH WEST COMMISSIONING REGION,ACUTE - LARGE,RH857,AXMINSTER HOSPITAL,EX13 5DU,NHS DEVON ICB,DEVON COUNTY COUNCIL,Non inpatient,1131,0.31,5154,3.43,766,0.53,0,0,0,0
RH8,ROYAL DEVON UNIVERSITY HEALTHCARE NHS FOUNDATION TRUST,SOUTH WEST COMMISSIONING REGION,ACUTE - LARGE,RH858,EXMOUTH HOSPITAL,EX8 2JN,NHS DEVON ICB,DEVON COUNTY COUNCIL,Community hospital (with inpatient beds),4397,0.8,4651,3.99,4303,4.22,0,0,0,0
RH8,ROYAL DEVON UNIVERSITY HEALTHCARE NHS FOUNDATION TRUST,SOUTH WEST COMMISSIONING REGION,ACUTE - LARGE,RH859,VICTORIA HOSPITAL (SIDMOUTH),EX10 8EW,NHS DEVON ICB,DEVON COUNTY COUNCIL,Community hospital (with inpatient beds),2384,1.31,2186,2.7,4133,6.04,0,0,0,0
RH8,ROYAL DEVON UNIVERSITY HEALTHCARE NHS FOUNDATION TRUST,SOUTH WEST COMMISSIONING REGION,ACUTE - LARGE,RH868,MARDON HOUSE,EX2 4UD,NHS DEVON ICB,DEVON COUNTY COUNCIL,Other inpatient,1803,3.09,0,0,0,0,0,0,0,0
RH8,ROYAL DEVON UNIVERSITY HEALTHCARE NHS FOUNDATION TRUST,SOUTH WEST COMMISSIONING REGION,ACUTE - LARGE,RH879,SOUTH DEVON RENAL UNIT,TQ2 7JF,NHS DEVON ICB,TORBAY COUNCIL,Non inpatient,48880,30.89,0,0,2093,2.08,0,0,0,0
RH8,ROYAL DEVON UNIVERSITY HEALTHCARE NHS FOUNDATION TRUST,SOUTH WEST COMMISSIONING REGION,ACUTE - LARGE,RH880,NORTH DEVON DISTRICT HOSPITAL,EX31 4JB,NHS DEVON ICB,DEVON COUNTY COUNCIL,General acute hospital,128537,146.69,45786,91.98,37427,111.19,0,0,0,0
RH8,ROYAL DEVON UNIVERSITY HEALTHCARE NHS FOUNDATION TRUST,SOUTH WEST COMMISSIONING REGION,ACUTE - LARGE,RH8A1,"NEWCOURT HOUSE, EXETER",EX2 7JU,NHS DEVON ICB,DEVON COUNTY COUNCIL,Non inpatient,Not Applicable,Not Applicable,Not Applicable,Not Applicable,0,0,Not Applicable,Not Applicable,Not Applicable,Not Applicable
RH8,ROYAL DEVON UNIVERSITY HEALTHCARE NHS FOUNDATION TRUST,SOUTH WEST COMMISSIONING REGION,ACUTE - LARGE,RH8A4,SEATON HOSPITAL,EX12 2UU,NHS DEVON ICB,DEVON COUNTY COUNCIL,Non inpatient,1085,0.23,789,0.49,340,0.07,0,0,0,0
RH8,ROYAL DEVON UNIVERSITY HEALTHCARE NHS FOUNDATION TRUST,SOUTH WEST COMMISSIONING REGION,ACUTE - LARGE,RH8D6,EXETER COMMUNITY HOSPITAL,EX1 3RB,NHS DEVON ICB,DEVON COUNTY COUNCIL,Non inpatient,3316,1.25,3660,3.38,468,0.26,0,0,0,0
RH8,ROYAL DEVON UNIVERSITY HEALTHCARE NHS FOUNDATION TRUST,SOUTH WEST COMMISSIONING REGION,ACUTE - LARGE,RH8G6,BIDEFORD HOSPITAL,EX39 3AG,NHS DEVON ICB,DEVON COUNTY COUNCIL,Non inpatient,332,0.5,984,1.69,1658,2.31,0,0,0,0
RH8,ROYAL DEVON UNIVERSITY HEALTHCARE NHS FOUNDATION TRUST,SOUTH WEST COMMISSIONING REGION,ACUTE - LARGE,RH8H8,NHS WALK-IN CENTRE - EXETER,EX4 6NN,NHS DEVON ICB,DEVON COUNTY COUNCIL,Non inpatient,1247,0.29,3510,4.38,5,0.01,0,0,0,0
RH8,ROYAL DEVON UNIVERSITY HEALTHCARE NHS FOUNDATION TRUST,SOUTH WEST COMMISSIONING REGION,ACUTE - LARGE,RH8K6,NHS NIGHTINGALE HOSPITAL EXETER,EX2 7JG,NHS DEVON ICB,DEVON COUNTY COUNCIL,Non inpatient,16108,22.7,0,0,0,0,0,0,0,0
RH8,ROYAL DEVON UNIVERSITY HEALTHCARE NHS FOUNDATION TRUST,SOUTH WEST COMMISSIONING REGION,ACUTE - LARGE,RH8ORS,OTHER REPORTABLE SITES,EX2 5DW,NHS DEVON ICB,DEVON COUNTY COUNCIL,Other Reportable Site,4481,1,5372,6,838,1,0,0,0,0
RH8,ROYAL DEVON UNIVERSITY HEALTHCARE NHS FOUNDATION TRUST,SOUTH WEST COMMISSIONING REGION,ACUTE - LARGE,V2W0R,DEVONSHIRE HOUSE,EX31 1QN,NHS DEVON ICB,DEVON COUNTY COUNCIL,Non inpatient,Not Applicable,Not Applicable,Not Applicable,Not Applicable,0,0,Not Applicable,Not Applicable,Not Applicable,Not Applicable
RK9,UNIVERSITY HOSPITALS PLYMOUTH NHS TRUST,SOUTH WEST COMMISSIONING REGION,ACUTE - TEACHING,A3C6M,UNIT 4 (BUSH PARK),PL6 7RG,NHS DEVON ICB,PLYMOUTH CITY COUNCIL,Non inpatient,0,0,0,0,0,0,0,0,0,0
RK9,UNIVERSITY HOSPITALS PLYMOUTH NHS TRUST,SOUTH WEST COMMISSIONING REGION,ACUTE - TEACHING,A3K7K,RESIDENCES - PLYMBRIDGE,PL6 8AJ,NHS DEVON ICB,PLYMOUTH CITY COUNCIL,Non inpatient,0,0,0,0,0,0,0,0,0,0
RK9,UNIVERSITY HOSPITALS PLYMOUTH NHS TRUST,SOUTH WEST COMMISSIONING REGION,ACUTE - TEACHING,A8N8J,PENINSULA COLLEGE OF MEDICINE,PL6 8BU,NHS DEVON ICB,PLYMOUTH CITY COUNCIL,Non inpatient,9981,16.49,0,0,0,0,0,0,0,0
RK9,UNIVERSITY HOSPITALS PLYMOUTH NHS TRUST,SOUTH WEST COMMISSIONING REGION,ACUTE - TEACHING,C7C1D,BIRCHAM HOUSE,PL6 5WR,NHS DEVON ICB,PLYMOUTH CITY COUNCIL,Non inpatient,Not Applicable,Not Applicable,Not Applicable,Not Applicable,0,0,Not Applicable,Not Applicable,Not Applicable,Not Applicable
RK9,UNIVERSITY HOSPITALS PLYMOUTH NHS TRUST,SOUTH WEST COMMISSIONING REGION,ACUTE - TEACHING,H5R4Z,PENINSULA RADIOLOGY,PL6 5WR,NHS DEVON ICB,PLYMOUTH CITY COUNCIL,Non inpatient,1433,0.72,0,0,38,0.12,0,0,0,0
RK9,UNIVERSITY HOSPITALS PLYMOUTH NHS TRUST,SOUTH WEST COMMISSIONING REGION,ACUTE - TEACHING,L0N3Y,UHP WAREHOUSE,PL6 7EZ,NHS DEVON ICB,DEVON COUNTY COUNCIL,Non inpatient,Not Applicable,Not Applicable,Not Applicable,Not Applicable,0,0,Not Applicable,Not Applicable,Not Applicable,Not Applicable
RK9,UNIVERSITY HOSPITALS PLYMOUTH NHS TRUST,SOUTH WEST COMMISSIONING REGION,ACUTE - TEACHING,M2H2H,NU BUILDING,PL6 5YE,NHS DEVON ICB,PLYMOUTH CITY COUNCIL,Non inpatient,0,0,0,0,63,0.12,0,0,0,0
RK9,UNIVERSITY HOSPITALS PLYMOUTH NHS TRUST,SOUTH WEST COMMISSIONING REGION,ACUTE - TEACHING,P2G6V,RIVERFORD HOUSE,PL6 7PL,NHS DEVON ICB,PLYMOUTH CITY COUNCIL,Non inpatient,354,0.12,0,0,6,0.02,0,0,0,0
RK9,UNIVERSITY HOSPITALS PLYMOUTH NHS TRUST,SOUTH WEST COMMISSIONING REGION,ACUTE - TEACHING,RK901,MOUNT GOULD HOSPITAL,PL4 7QD,NHS DEVON ICB,PLYMOUTH CITY COUNCIL,Community hospital (with inpatient beds),12794,12.94,0,0,685,2.17,0,0,0,0
RK9,UNIVERSITY HOSPITALS PLYMOUTH NHS TRUST,SOUTH WEST COMMISSIONING REGION,ACUTE - TEACHING,RK906,"CUMBERLAND CENTRE, DAMEREL CLOSE",PL1 4JZ,NHS DEVON ICB,PLYMOUTH CITY COUNCIL,Non inpatient,Not Applicable,Not Applicable,Not Applicable,Not Applicable,Not Applicable,Not Applicable,Not Applicable,Not Applicable,Not Applicable,Not Applicable
RK9,UNIVERSITY HOSPITALS PLYMOUTH NHS TRUST,SOUTH WEST COMMISSIONING REGION,ACUTE - TEACHING,RK922,TAVISTOCK HOSPITAL,PL19 8LD,NHS DEVON ICB,DEVON COUNTY COUNCIL,Community hospital (with inpatient beds),8311,11.95,0,0,632,2.01,0,0,0,0
RK9,UNIVERSITY HOSPITALS PLYMOUTH NHS TRUST,SOUTH WEST COMMISSIONING REGION,ACUTE - TEACHING,RK925,SCOTT HOSPITAL,PL2 2PQ,NHS DEVON ICB,PLYMOUTH CITY COUNCIL,Non inpatient,1332,0.49,0,0,26,0.08,0,0,0,0
RK9,UNIVERSITY HOSPITALS PLYMOUTH NHS TRUST,SOUTH WEST COMMISSIONING REGION,ACUTE - TEACHING,RK935,SOUTH HAMS HOSPITAL,TQ7 1AT,NHS DEVON ICB,DEVON COUNTY COUNCIL,Community hospital (with inpatient beds),5376,8.42,0,0,445,1.42,0,0,0,0
RK9,UNIVERSITY HOSPITALS PLYMOUTH NHS TRUST,SOUTH WEST COMMISSIONING REGION,ACUTE - TEACHING,RK950,DERRIFORD HOSPITAL,PL6 8DH,NHS DEVON ICB,PLYMOUTH CITY COUNCIL,Specialist hospital (acute only),634799,1225.28,0,0,64382,203.69,0,0,0,0
RK9,UNIVERSITY HOSPITALS PLYMOUTH NHS TRUST,SOUTH WEST COMMISSIONING REGION,ACUTE - TEACHING,RK953,ROYAL EYE INFIRMARY,PL4 6PL,NHS DEVON ICB,PLYMOUTH CITY COUNCIL,Non inpatient,Not Applicable,Not Applicable,Not Applicable,Not Applicable,Not Applicable,Not Applicable,Not Applicable,Not Applicable,Not Applicable,Not Applicable
RK9,UNIVERSITY HOSPITALS PLYMOUTH NHS TRUST,SOUTH WEST COMMISSIONING REGION,ACUTE - TEACHING,RK959,MOUNT GOULD LOCAL CARE CENTRE,PL4 7PY,NHS DEVON ICB,PLYMOUTH CITY COUNCIL,Community hospital (with inpatient beds),26817,34.86,0,0,1844,5.86,0,0,0,0
RK9,UNIVERSITY HOSPITALS PLYMOUTH NHS TRUST,SOUTH WEST COMMISSIONING REGION,ACUTE - TEACHING,RK960,THE PLYMOUTH DIALYSIS UNIT,PL6 7FL,NHS DEVON ICB,PLYMOUTH CITY COUNCIL,Non inpatient,29874,32.54,0,0,1721,5.47,0,0,0,0
RK9,UNIVERSITY HOSPITALS PLYMOUTH NHS TRUST,SOUTH WEST COMMISSIONING REGION,ACUTE - TEACHING,RK9ORS,OTHER REPORTABLE SITES,PL6 8DH,NHS DEVON ICB,PLYMOUTH CITY COUNCIL,Other Reportable Site,1208,0.7,0,0,37,0.12,0,0,0,0
RK9,UNIVERSITY HOSPITALS PLYMOUTH NHS TRUST,SOUTH WEST COMMISSIONING REGION,ACUTE - TEACHING,T5Q9D,UNIVERSITY HOSPITALS PLYMOUTH ESTOVER,PL6 7LX,NHS DEVON ICB,PLYMOUTH CITY COUNCIL,Non inpatient,8920,1.92,0,0,102,0.32,0,0,0,0
RK9,UNIVERSITY HOSPITALS PLYMOUTH NHS TRUST,SOUTH WEST COMMISSIONING REGION,ACUTE - TEACHING,Z2K9J,DIGITAL AND INNOVATION,PL6 8BT,NHS DEVON ICB,PLYMOUTH CITY COUNCIL,Non inpatient,Not Applicable,Not Applicable,Not Applicable,Not Applicable,Not Applicable,Not Applicable,Not Applicable,Not Applicable,Not Applicable,Not Applicable
RK9,UNIVERSITY HOSPITALS PLYMOUTH NHS TRUST,SOUTH WEST COMMISSIONING REGION,ACUTE - TEACHING,Z3H9N,BRIDGE HOUSE,PL6 7PL,NHS DEVON ICB,PLYMOUTH CITY COUNCIL,Non inpatient,0,0,0,0,0,0,0,0,0,0
RWV,DEVON PARTNERSHIP NHS TRUST,SOUTH WEST COMMISSIONING REGION,MENTAL HEALTH AND LEARNING DISABILITY,Q2A7P,BROOKLAND HALL,BS2 9RU,NHS DEVON ICB,BRISTOL CITY COUNCIL,Mental Health (including Specialist services),0,0,0,0,145,0.03,0,0,0,0
RWV,DEVON PARTNERSHIP NHS TRUST,SOUTH WEST COMMISSIONING REGION,MENTAL HEALTH AND LEARNING DISABILITY,RWV05,BIDEFORD AND DISTRICT HOSPITAL (ABBOTSVALE),EX39 3AG,NHS DEVON ICB,DEVON COUNTY COUNCIL,Mental Health (including Specialist services),0,0,0,0,29,0.01,0,0,0,0
RWV,DEVON PARTNERSHIP NHS TRUST,SOUTH WEST COMMISSIONING REGION,MENTAL HEALTH AND LEARNING DISABILITY,RWV0C,JASMINE LODGE,EX2 5AG,NHS DEVON ICB,DEVON COUNTY COUNCIL,Mental Health (including Specialist services),0,0,0,0,233,0.06,0,0,0,0
RWV,DEVON PARTNERSHIP NHS TRUST,SOUTH WEST COMMISSIONING REGION,MENTAL HEALTH AND LEARNING DISABILITY,RWV12,NORTH DEVON DISTRICT HOSPITAL,EX31 4JB,NHS DEVON ICB,DEVON COUNTY COUNCIL,Mental Health (including Specialist services),9091,11.25,450,0.89,3436,7.9,0,0,2194,6.53
RWV,DEVON PARTNERSHIP NHS TRUST,SOUTH WEST COMMISSIONING REGION,MENTAL HEALTH AND LEARNING DISABILITY,RWV16,"CHADWELL CENTRE, PAIGNTON",TQ3 2DW,NHS DEVON ICB,TORBAY COUNCIL,Mental Health (including Specialist services),103,0.02,0,0,243,0.04,0,0,0,0
RWV,DEVON PARTNERSHIP NHS TRUST,SOUTH WEST COMMISSIONING REGION,MENTAL HEALTH AND LEARNING DISABILITY,RWV25,BRIARS CREATIVE THERAPY SERVICE,EX2 9JD,NHS DEVON ICB,DEVON COUNTY COUNCIL,Mental Health (including Specialist services),0,0,0,0,116,0.02,0,0,0,0
RWV,DEVON PARTNERSHIP NHS TRUST,SOUTH WEST COMMISSIONING REGION,MENTAL HEALTH AND LEARNING DISABILITY,RWV27,NEW LEAF,EX6 8AB,NHS DEVON ICB,DEVON COUNTY COUNCIL,Mental Health (including Specialist services),0,0,0,0,116,0.02,0,0,0,0
RWV,DEVON PARTNERSHIP NHS TRUST,SOUTH WEST COMMISSIONING REGION,MENTAL HEALTH AND LEARNING DISABILITY,RWV28,COMPASS HOUSE,EX2 4TL,NHS DEVON ICB,DEVON COUNTY COUNCIL,Mental Health (including Specialist services),0,0,0,0,204,0.04,0,0,0,0
RWV,DEVON PARTNERSHIP NHS TRUST,SOUTH WEST COMMISSIONING REGION,MENTAL HEALTH AND LEARNING DISABILITY,RWV29,TIVERTON HOSPITAL,EX16 6NT,NHS DEVON ICB,DEVON COUNTY COUNCIL,Mental Health and Learning Disabilities,Not Applicable,Not Applicable,Not Applicable,Not Applicable,Not Applicable,Not Applicable,Not Applicable,Not Applicable,Not Applicable,Not Applicable
RWV,DEVON PARTNERSHIP NHS TRUST,SOUTH WEST COMMISSIONING REGION,MENTAL HEALTH AND LEARNING DISABILITY,RWV40,SHERBOURNE HOUSE,TQ12 2PF,NHS DEVON ICB,DEVON COUNTY COUNCIL,Non inpatient,45,0.02,0,0,213,0.03,0,0,0,0
RWV,DEVON PARTNERSHIP NHS TRUST,SOUTH WEST COMMISSIONING REGION,MENTAL HEALTH AND LEARNING DISABILITY,RWV52,ST. JOHNS COURT,EX8 4DD,NHS DEVON ICB,DEVON COUNTY COUNCIL,Mental Health (including Specialist services),54,0.01,0,0,203,0.09,0,0,0,0
RWV,DEVON PARTNERSHIP NHS TRUST,SOUTH WEST COMMISSIONING REGION,MENTAL HEALTH AND LEARNING DISABILITY,RWV55,TORBAY HOSPITAL,TQ2 7AA,NHS DEVON ICB,TORBAY COUNCIL,Mental Health (including Specialist services),1201,0.38,0,0,3032,1.73,0,0,0,0
RWV,DEVON PARTNERSHIP NHS TRUST,SOUTH WEST COMMISSIONING REGION,MENTAL HEALTH AND LEARNING DISABILITY,RWV62,WONFORD HOUSE HOSPITAL,EX2 5AF,NHS DEVON ICB,DEVON COUNTY COUNCIL,Mental Health (including Specialist services),2900,1.47,0,0,2200,1.01,0,0,0,0
RWV,DEVON PARTNERSHIP NHS TRUST,SOUTH WEST COMMISSIONING REGION,MENTAL HEALTH AND LEARNING DISABILITY,RWV70,LANGDON HOSPITAL,EX7 0NR,NHS DEVON ICB,DEVON COUNTY COUNCIL,Mental Health and Learning Disabilities,2250,0.51,0,0,922,0.35,0,0,0,0
RWV,DEVON PARTNERSHIP NHS TRUST,SOUTH WEST COMMISSIONING REGION,MENTAL HEALTH AND LEARNING DISABILITY,RWV88,HAYDONS COURT (THE BUNGALOW),EX14 2DE,NHS DEVON ICB,DEVON COUNTY COUNCIL,Mental Health (including Specialist services),405,0.1,0,0,627,0.46,0,0,0,0
RWV,DEVON PARTNERSHIP NHS TRUST,SOUTH WEST COMMISSIONING REGION,MENTAL HEALTH AND LEARNING DISABILITY,RWV93,THE CEDARS (EXETER),EX2 5SN,NHS DEVON ICB,DEVON COUNTY COUNCIL,Mental Health (including Specialist services),0,0,0,0,727,0.14,0,0,0,0
RWV,DEVON PARTNERSHIP NHS TRUST,SOUTH WEST COMMISSIONING REGION,MENTAL HEALTH AND LEARNING DISABILITY,RWV94,HOSPITAL LANE - ASU (WHIPTON),EX1 3PQ,NHS DEVON ICB,DEVON COUNTY COUNCIL,Mental Health (including Specialist services),205,0.16,0,0,532,0.45,0,0,0,0
RWV,DEVON PARTNERSHIP NHS TRUST,SOUTH WEST COMMISSIONING REGION,MENTAL HEALTH AND LEARNING DISABILITY,RWV98,FRANKLYN HOSPITAL SITE,EX2 9HS,NHS DEVON ICB,DEVON COUNTY COUNCIL,Mental Health (including Specialist services),2220,0.52,0,0,4303,3.99,0,0,0,0
RWV,DEVON PARTNERSHIP NHS TRUST,SOUTH WEST COMMISSIONING REGION,MENTAL HEALTH AND LEARNING DISABILITY,RWVFT,CAMHS LIAISON (EVERGREEN HOUSE),EX2 4NU,NHS DEVON ICB,DEVON COUNTY COUNCIL,Mental Health (including Specialist services),0,0,0,0,145,0.03,0,0,0,0
RWV,DEVON PARTNERSHIP NHS TRUST,SOUTH WEST COMMISSIONING REGION,MENTAL HEALTH AND LEARNING DISABILITY,RWVJK-X,PICU - THE JUNIPERS,EX2 5AG,NHS DEVON ICB,DEVON COUNTY COUNCIL,Mental Health (including Specialist services),0,0,0,0,87,0.02,0,0,0,0
RWV,DEVON PARTNERSHIP NHS TRUST,SOUTH WEST COMMISSIONING REGION,MENTAL HEALTH AND LEARNING DISABILITY,RWVMZ,N DEVON SECTOR B (NMP) - WEST PILTON OFFICES,EX31 1QL,NHS DEVON ICB,DEVON COUNTY COUNCIL,Mental Health (including Specialist services),72,0.03,0,0,285,0.05,0,0,0,0
RWV,DEVON PARTNERSHIP NHS TRUST,SOUTH WEST COMMISSIONING REGION,MENTAL HEALTH AND LEARNING DISABILITY,RWVORS,OTHER REPORTABLE SITES,EX2 5AF,NHS DEVON ICB,DEVON COUNTY COUNCIL,Other Reportable Site,233,0.2,0,0,1280,0.31,0,0,0,0
