Trust Code,Trust Name,Commissioning Region,Trust Type,Site Code,Site Name,Post Code,Integrated Care Board,Local Authority,Site Type,Incineration (clinical waste) cost (£),Incineration (clinical waste) weight (Tonnes),Alternative Treatment (clinical waste) cost (£),Alternative Treatment (clinical waste) weight (Tonnes),Offensive waste cost (£),Offensive waste weight (Tonnes),Clinical waste (excluding incineration) processed on site cost (£),Clinical waste (excluding incineration) processed on site weight (Tonnes),Clinical waste processed at municipal waste plants cost (£),Clinical waste processed at municipal waste plants weight (Tonnes),Latitude,Longitude,Incin_Waste,AT_Waste,Total_Waste,Cluster
R0D,UNIVERSITY HOSPITALS DORSET NHS FOUNDATION TRUST,SOUTH WEST COMMISSIONING REGION,ACUTE - TEACHING,F2I8O,ST MARYS HOSPITAL,BH15 2LG,NHS DORSET ICB,BCP COUNCIL,Specialist hospital (acute only),6513,6.9,9013,18.47,11957,37.96,0,0,0,0,50.722364,-1.974271,6.9,56.43,63.33,11
R0D,UNIVERSITY HOSPITALS DORSET NHS FOUNDATION TRUST,SOUTH WEST COMMISSIONING REGION,ACUTE - TEACHING,R0D01,POOLE HOSPITAL,BH15 2JB,NHS DORSET ICB,BCP COUNCIL,General acute hospital,90534,91.08,85527,175.26,79215,303.67,0,0,0,0,50.721977,-1.97311,91.08,478.93,570.01,11
R0D,UNIVERSITY HOSPITALS DORSET NHS FOUNDATION TRUST,SOUTH WEST COMMISSIONING REGION,ACUTE - TEACHING,R0D02,ROYAL BOURNEMOUTH HOSPITAL,BH7 7DW,NHS DORSET ICB,BCP COUNCIL,General acute hospital,86538,96.26,180363,434.61,24174,90.26,0,0,0,0,50.747472,-1.820512,96.26,524.87,621.13,11
R0D,UNIVERSITY HOSPITALS DORSET NHS FOUNDATION TRUST,SOUTH WEST COMMISSIONING REGION,ACUTE - TEACHING,R0D03,CHRISTCHURCH HOSPITAL,BH23 2JX,NHS DORSET ICB,BCP COUNCIL,Community hospital (with inpatient beds),3030,3.37,1021,2.46,2167,6.88,0,0,0,0,50.745155,-1.790148,3.37,9.34,12.71,11
R0D,UNIVERSITY HOSPITALS DORSET NHS FOUNDATION TRUST,SOUTH WEST COMMISSIONING REGION,ACUTE - TEACHING,R0D0H,SSD ALDERNEY COMMUNITY HOSPITAL,BH12 4NB,NHS DORSET ICB,BCP COUNCIL,Non inpatient,101,0.1,8788,18.02,0,0.0,0,0,0,0,50.749698,-1.940974,0.1,18.02,18.12,11
RA7,UNIVERSITY HOSPITALS BRISTOL AND WESTON NHS FOUNDATION TRUST,SOUTH WEST COMMISSIONING REGION,ACUTE - TEACHING,RA701,BRISTOL ROYAL INFIRMARY,BS2 8HW,"NHS BRISTOL, NORTH SOMERSET AND SOUTH GLOUCESTERSHIRE ICB",BRISTOL CITY COUNCIL,General acute hospital,441833,480.77,160721,281.85,136116,349.36,0,0,0,0,51.459182,-2.59614,480.77,631.21,1111.98,6
RA7,UNIVERSITY HOSPITALS BRISTOL AND WESTON NHS FOUNDATION TRUST,SOUTH WEST COMMISSIONING REGION,ACUTE - TEACHING,RA773,SOUTH BRISTOL COMMUNITY HOSPITAL,BS14 0DE,"NHS BRISTOL, NORTH SOMERSET AND SOUTH GLOUCESTERSHIRE ICB",BRISTOL CITY COUNCIL,Community hospital (with inpatient beds),12259,4.63,8349,10.16,13865,31.73,0,0,0,0,51.413399,-2.584902,4.63,41.89,46.52,6
RA7,UNIVERSITY HOSPITALS BRISTOL AND WESTON NHS FOUNDATION TRUST,SOUTH WEST COMMISSIONING REGION,ACUTE - TEACHING,RA7C2,WESTON GENERAL HOSPITAL,BS23 4TQ,"NHS BRISTOL, NORTH SOMERSET AND SOUTH GLOUCESTERSHIRE ICB",NORTH SOMERSET COUNCIL,General acute hospital,39479,44.37,21045,42.3,62485,157.58,0,0,0,0,51.322331,-2.971405,44.37,199.88,244.25,9
RA7,UNIVERSITY HOSPITALS BRISTOL AND WESTON NHS FOUNDATION TRUST,SOUTH WEST COMMISSIONING REGION,ACUTE - TEACHING,RA7CH,CENTRAL HEALTH CLINIC SITE,BS2 0JD,"NHS BRISTOL, NORTH SOMERSET AND SOUTH GLOUCESTERSHIRE ICB",BRISTOL CITY COUNCIL,Non inpatient,1174,1.35,625,1.21,1274,3.22,0,0,0,0,51.454434,-2.585529,1.35,4.43,5.779999999999999,6
RA7,UNIVERSITY HOSPITALS BRISTOL AND WESTON NHS FOUNDATION TRUST,SOUTH WEST COMMISSIONING REGION,ACUTE - TEACHING,RA7ORS,OTHER REPORTABLE SITES,BS1 3NU,"NHS BRISTOL, NORTH SOMERSET AND SOUTH GLOUCESTERSHIRE ICB",BRISTOL CITY COUNCIL,Other Reportable Site,0,0.0,0,0.0,0,0.0,0,0,14,0.05,51.459476,-2.593021,0.0,0.0,0.0,6
RA9,TORBAY AND SOUTH DEVON NHS FOUNDATION TRUST,SOUTH WEST COMMISSIONING REGION,ACUTE - MULTI-SERVICE,C8M8V,SHRUBLANDS HOUSE,TQ2 5RS,NHS DEVON ICB,TORBAY COUNCIL,Non inpatient,163,0.01,145,0.03,132,0.02,0,0,0,0,50.469058,-3.535982,0.01,0.05,0.060000000000000005,18
RA9,TORBAY AND SOUTH DEVON NHS FOUNDATION TRUST,SOUTH WEST COMMISSIONING REGION,ACUTE - MULTI-SERVICE,G9K8X,SHERBORNE HOUSE,TQ12 2PF,NHS DEVON ICB,DEVON COUNTY COUNCIL,Non inpatient,0,0.0,0,0.0,555,0.3,0,0,0,0,50.531471,-3.608785,0.0,0.3,0.3,18
RA9,TORBAY AND SOUTH DEVON NHS FOUNDATION TRUST,SOUTH WEST COMMISSIONING REGION,ACUTE - MULTI-SERVICE,Q6Z8C,DARTMOUTH HEALTH & WELLBEING CENTRE,TQ6 0JL,NHS DEVON ICB,DEVON COUNTY COUNCIL,Non inpatient,380,0.15,667,0.49,227,0.25,0,0,0,0,50.346764,-3.603421,0.15,0.74,0.89,-1
RA9,TORBAY AND SOUTH DEVON NHS FOUNDATION TRUST,SOUTH WEST COMMISSIONING REGION,ACUTE - MULTI-SERVICE,RA901,TORBAY DISTRICT GENERAL HOSPITAL,TQ2 7AA,NHS DEVON ICB,TORBAY COUNCIL,General acute hospital,202667,160.18,101910,206.38,84120,299.9,0,0,0,0,50.482303,-3.553819,160.18,506.28,666.46,18
RA9,TORBAY AND SOUTH DEVON NHS FOUNDATION TRUST,SOUTH WEST COMMISSIONING REGION,ACUTE - MULTI-SERVICE,RA905,REGENT HOUSE,TQ2 7AN,NHS DEVON ICB,TORBAY COUNCIL,Non inpatient,0,0.0,0,0.0,0,0.0,0,0,0,0,50.479726,-3.549394,0.0,0.0,0.0,18
RA9,TORBAY AND SOUTH DEVON NHS FOUNDATION TRUST,SOUTH WEST COMMISSIONING REGION,ACUTE - MULTI-SERVICE,RA906,ST EDMUNDS,TQ1 3QH,NHS DEVON ICB,TORBAY COUNCIL,Non inpatient,1017,0.16,0,0.0,0,0.0,0,0,0,0,50.476172,-3.528446,0.16,0.0,0.16,18
RA9,TORBAY AND SOUTH DEVON NHS FOUNDATION TRUST,SOUTH WEST COMMISSIONING REGION,ACUTE - MULTI-SERVICE,RA90J,CASTLE CIRCUS HEALTH CENTRE,TQ2 7AJ,NHS DEVON ICB,TORBAY COUNCIL,Non inpatient,1846,0.22,1977,2.6,0,0.0,0,0,0,0,50.484066,-3.551763,0.22,2.6,2.8200000000000003,18
RA9,TORBAY AND SOUTH DEVON NHS FOUNDATION TRUST,SOUTH WEST COMMISSIONING REGION,ACUTE - MULTI-SERVICE,RA949,"UNIT 7, LONG ROAD",TQ4 7HP,NHS DEVON ICB,TORBAY COUNCIL,Non inpatient,0,0.0,0,0.0,0,0.0,0,0,0,0,50.412017,-3.588959,0.0,0.0,0.0,18
RA9,TORBAY AND SOUTH DEVON NHS FOUNDATION TRUST,SOUTH WEST COMMISSIONING REGION,ACUTE - MULTI-SERVICE,RA952,ASHBURTON AND BUCKFASTLEIGH HOSPITAL,TQ13 7AP,NHS DEVON ICB,DEVON COUNTY COUNCIL,Non inpatient,358,0.11,779,0.09,474,2.92,0,0,0,0,50.519041,-3.748613,0.11,3.01,3.1199999999999997,-1
RA9,TORBAY AND SOUTH DEVON NHS FOUNDATION TRUST,SOUTH WEST COMMISSIONING REGION,ACUTE - MULTI-SERVICE,RA954,BRIXHAM HOSPITAL,TQ5 9HW,NHS DEVON ICB,TORBAY COUNCIL,Community hospital (with inpatient beds),1480,0.36,1499,2.01,3235,6.6,0,0,0,0,50.389428,-3.513838,0.36,8.61,8.969999999999999,18
RA9,TORBAY AND SOUTH DEVON NHS FOUNDATION TRUST,SOUTH WEST COMMISSIONING REGION,ACUTE - MULTI-SERVICE,RA956,DAWLISH HOSPITAL,EX7 9DH,NHS DEVON ICB,DEVON COUNTY COUNCIL,Community hospital (with inpatient beds),725,0.15,1434,1.65,3336,7.5,0,0,0,0,50.58057,-3.474801,0.15,9.15,9.3,17
RA9,TORBAY AND SOUTH DEVON NHS FOUNDATION TRUST,SOUTH WEST COMMISSIONING REGION,ACUTE - MULTI-SERVICE,RA958,PAIGNTON HOSPITAL,TQ3 3AG,NHS DEVON ICB,TORBAY COUNCIL,Non inpatient,793,0.23,1411,1.05,1958,3.42,0,0,0,0,50.437123,-3.568816,0.23,4.47,4.7,18
RA9,TORBAY AND SOUTH DEVON NHS FOUNDATION TRUST,SOUTH WEST COMMISSIONING REGION,ACUTE - MULTI-SERVICE,RA959,TEIGNMOUTH HOSPITAL,TQ14 9BQ,NHS DEVON ICB,DEVON COUNTY COUNCIL,Non inpatient,1027,0.28,268,0.17,1783,2.73,0,0,0,0,50.548357,-3.511173,0.28,2.9,3.1799999999999997,17
RA9,TORBAY AND SOUTH DEVON NHS FOUNDATION TRUST,SOUTH WEST COMMISSIONING REGION,ACUTE - MULTI-SERVICE,RA979,TOTNES HOSPITAL,TQ9 5GH,NHS DEVON ICB,DEVON COUNTY COUNCIL,Community hospital (with inpatient beds),1650,0.58,1602,2.88,1405,4.59,0,0,0,0,50.432757,-3.684209,0.58,7.47,8.049999999999999,18
RA9,TORBAY AND SOUTH DEVON NHS FOUNDATION TRUST,SOUTH WEST COMMISSIONING REGION,ACUTE - MULTI-SERVICE,RA9CY,HOLLACOMBE COMMUNITY RESOURCE CENTRE,TQ3 2DJ,NHS DEVON ICB,TORBAY COUNCIL,Learning Disabilities,0,0.0,257,0.04,1969,2.65,0,0,0,0,50.449004,-3.556067,0.0,2.69,2.69,18
RA9,TORBAY AND SOUTH DEVON NHS FOUNDATION TRUST,SOUTH WEST COMMISSIONING REGION,ACUTE - MULTI-SERVICE,RA9KA,KINGS ASH HOUSE,TQ3 3XZ,NHS DEVON ICB,TORBAY COUNCIL,Non inpatient,946,0.1,0,0.0,0,0.0,0,0,0,0,50.44011,-3.590562,0.1,0.0,0.1,18
RA9,TORBAY AND SOUTH DEVON NHS FOUNDATION TRUST,SOUTH WEST COMMISSIONING REGION,ACUTE - MULTI-SERVICE,RA9NH,UNION HOUSE,TQ1 3YA,NHS DEVON ICB,TORBAY COUNCIL,Non inpatient,0,0.0,0,0.0,0,0.0,0,0,0,0,50.467513,-3.530351,0.0,0.0,0.0,18
RA9,TORBAY AND SOUTH DEVON NHS FOUNDATION TRUST,SOUTH WEST COMMISSIONING REGION,ACUTE - MULTI-SERVICE,RA9ORS,OTHER REPORTABLE SITES,TQ2 7AA,NHS DEVON ICB,TORBAY COUNCIL,Other Reportable Site,971,0.02,1289,0.44,0,0.0,0,0,0,0,50.482303,-3.553819,0.02,0.44,0.46,18
RBD,DORSET COUNTY HOSPITAL NHS FOUNDATION TRUST,SOUTH WEST COMMISSIONING REGION,ACUTE - SMALL,RBD01,DORSET COUNTY HOSPITAL,DT1 2JY,NHS DORSET ICB,DORSET COUNCIL,General acute hospital,60190,63.14,74409,133.8,89337,275.29,0,0,0,0,50.712931,-2.446934,63.14,409.09000000000003,472.23,0
RD1,ROYAL UNITED HOSPITALS BATH NHS FOUNDATION TRUST,SOUTH WEST COMMISSIONING REGION,ACUTE - MEDIUM,I9L1N,SULIS HOSPITAL,BA2 8SQ,"NHS BATH AND NORTH EAST SOMERSET, SWINDON AND WILTSHIRE ICB",BATH AND NORTH EAST SOMERSET COUNCIL,Other inpatient,56332,56.72,0,0.0,0,0.0,0,0,0,0,51.311322,-2.416516,56.72,0.0,56.72,7
RD1,ROYAL UNITED HOSPITALS BATH NHS FOUNDATION TRUST,SOUTH WEST COMMISSIONING REGION,ACUTE - MEDIUM,RD102,CHIPPENHAM HOSPITAL,SN15 2AJ,"NHS BATH AND NORTH EAST SOMERSET, SWINDON AND WILTSHIRE ICB",WILTSHIRE COUNCIL,Community hospital (with inpatient beds),Not Applicable,0.0,Not Applicable,0.0,Not Applicable,0.0,Not Applicable,Not Applicable,Not Applicable,Not Applicable,51.452538,-2.126704,0.0,0.0,0.0,-1
RD1,ROYAL UNITED HOSPITALS BATH NHS FOUNDATION TRUST,SOUTH WEST COMMISSIONING REGION,ACUTE - MEDIUM,RD130,ROYAL UNITED HOSPITAL,BA1 3NG,"NHS BATH AND NORTH EAST SOMERSET, SWINDON AND WILTSHIRE ICB",BATH AND NORTH EAST SOMERSET COUNCIL,General acute hospital,183345,183.73,51880,88.03,118774,497.97,0,0,0,0,51.391662,-2.391217,183.73,586.0,769.73,7
RD1,ROYAL UNITED HOSPITALS BATH NHS FOUNDATION TRUST,SOUTH WEST COMMISSIONING REGION,ACUTE - MEDIUM,RD1ORS,OTHER REPORTABLE SITES,BA1 3NG,"NHS BATH AND NORTH EAST SOMERSET, SWINDON AND WILTSHIRE ICB",BATH AND NORTH EAST SOMERSET COUNCIL,Other Reportable Site,0,0.0,0,0.0,0,0.0,0,0,0,0,51.391662,-2.391217,0.0,0.0,0.0,7
RDY,DORSET HEALTHCARE UNIVERSITY NHS FOUNDATION TRUST,SOUTH WEST COMMISSIONING REGION,MENTAL HEALTH AND LEARNING DISABILITY,RDY01,BOSCOMBE COMMUNITY HOSPITAL,BH1 4JQ,NHS DORSET ICB,BCP COUNCIL,Non inpatient,3011,1.47,4376,3.47,2101,2.19,0,0,0,0,50.729255,-1.841466,1.47,5.66,7.13,11
RDY,DORSET HEALTHCARE UNIVERSITY NHS FOUNDATION TRUST,SOUTH WEST COMMISSIONING REGION,MENTAL HEALTH AND LEARNING DISABILITY,RDY02,KINGS PARK HOSPITAL,BH7 6JF,NHS DORSET ICB,BCP COUNCIL,Non inpatient,2562,2.2,2047,2.03,1028,2.18,0,0,0,0,50.731582,-1.833353,2.2,4.21,6.41,11
RDY,DORSET HEALTHCARE UNIVERSITY NHS FOUNDATION TRUST,SOUTH WEST COMMISSIONING REGION,MENTAL HEALTH AND LEARNING DISABILITY,RDY0H,DHC OMEGA CENTRE,BH20 4DY,NHS DORSET ICB,DORSET COUNCIL,Non inpatient,0,0.0,0,0.0,120,2.0,0,0,0,0,50.694969,-2.108309,0.0,2.0,2.0,11
RDY,DORSET HEALTHCARE UNIVERSITY NHS FOUNDATION TRUST,SOUTH WEST COMMISSIONING REGION,MENTAL HEALTH AND LEARNING DISABILITY,RDY10,ST ANNS HOSPITAL,BH13 7LN,NHS DORSET ICB,BCP COUNCIL,Mental Health (including Specialist services),1244,0.83,904,0.66,5316,3.54,0,0,0,0,50.699151,-1.928109,0.83,4.2,5.03,11
RDY,DORSET HEALTHCARE UNIVERSITY NHS FOUNDATION TRUST,SOUTH WEST COMMISSIONING REGION,MENTAL HEALTH AND LEARNING DISABILITY,RDY11,HAHNEMAN HOUSE,BH2 5JW,NHS DORSET ICB,BCP COUNCIL,Non inpatient,673,0.16,94,0.05,132,0.15,0,0,0,0,50.717679,-1.886294,0.16,0.2,0.36,11
RDY,DORSET HEALTHCARE UNIVERSITY NHS FOUNDATION TRUST,SOUTH WEST COMMISSIONING REGION,MENTAL HEALTH AND LEARNING DISABILITY,RDY12,ALUMHURST ROAD SITE,BH4 8EW,NHS DORSET ICB,BCP COUNCIL,Mental Health and Learning Disabilities,876,0.22,889,0.61,3512,2.49,0,0,0,0,50.716715,-1.904412,0.22,3.1,3.3200000000000003,11
RDY,DORSET HEALTHCARE UNIVERSITY NHS FOUNDATION TRUST,SOUTH WEST COMMISSIONING REGION,MENTAL HEALTH AND LEARNING DISABILITY,RDY22,ALDERNEY HOSPITAL,BH12 4NB,NHS DORSET ICB,BCP COUNCIL,Community hospital (with inpatient beds),1285,1.07,2397,2.2,14257,17.55,0,0,0,0,50.749698,-1.940974,1.07,19.75,20.82,11
RDY,DORSET HEALTHCARE UNIVERSITY NHS FOUNDATION TRUST,SOUTH WEST COMMISSIONING REGION,MENTAL HEALTH AND LEARNING DISABILITY,RDY24,DOUGLAS HOUSE,BH6 5AJ,NHS DORSET ICB,BCP COUNCIL,Non inpatient,40,0.01,210,0.11,121,0.1,0,0,0,0,50.728137,-1.814834,0.01,0.21000000000000002,0.22000000000000003,11
RDY,DORSET HEALTHCARE UNIVERSITY NHS FOUNDATION TRUST,SOUTH WEST COMMISSIONING REGION,MENTAL HEALTH AND LEARNING DISABILITY,RDY25,HILLCREST,BH10 4EU,NHS DORSET ICB,BCP COUNCIL,Non inpatient,323,0.09,0,0.0,0,0.0,0,0,0,0,50.749476,-1.89448,0.09,0.0,0.09,11
RDY,DORSET HEALTHCARE UNIVERSITY NHS FOUNDATION TRUST,SOUTH WEST COMMISSIONING REGION,MENTAL HEALTH AND LEARNING DISABILITY,RDY35,OAKLEY HOUSE,BH21 1SF,NHS DORSET ICB,BCP COUNCIL,Mental Health and Learning Disabilities,177,0.07,0,0.0,261,0.5,0,0,0,0,50.787013,-1.972009,0.07,0.5,0.5700000000000001,11
RDY,DORSET HEALTHCARE UNIVERSITY NHS FOUNDATION TRUST,SOUTH WEST COMMISSIONING REGION,MENTAL HEALTH AND LEARNING DISABILITY,RDY38,FAIRMILE HOUSE (THE FLAGHEAD),BH23 2JT,NHS DORSET ICB,BCP COUNCIL,Non inpatient,2443,0.82,1131,0.82,506,0.06,0,0,0,0,50.743144,-1.792226,0.82,0.8799999999999999,1.6999999999999997,11
RDY,DORSET HEALTHCARE UNIVERSITY NHS FOUNDATION TRUST,SOUTH WEST COMMISSIONING REGION,MENTAL HEALTH AND LEARNING DISABILITY,RDY62,POOLE COMMUNITY HEALTH CLINIC,BH15 2NT,NHS DORSET ICB,BCP COUNCIL,Non inpatient,130,0.03,422,0.31,136,0.1,0,0,0,0,50.721888,-1.976382,0.03,0.41000000000000003,0.44000000000000006,11
RDY,DORSET HEALTHCARE UNIVERSITY NHS FOUNDATION TRUST,SOUTH WEST COMMISSIONING REGION,MENTAL HEALTH AND LEARNING DISABILITY,RDY99,DELPHWOOD,BH17 8WG,NHS DORSET ICB,BCP COUNCIL,Non inpatient,0,0.0,0,0.0,181,0.03,0,0,0,0,50.747542,-1.966519,0.0,0.03,0.03,11
RDY,DORSET HEALTHCARE UNIVERSITY NHS FOUNDATION TRUST,SOUTH WEST COMMISSIONING REGION,MENTAL HEALTH AND LEARNING DISABILITY,RDYEF,WEYMOUTH COMMUNITY HOSPITAL,DT4 7TB,NHS DORSET ICB,DORSET COUNCIL,Non inpatient,2003,2.15,1748,1.67,5842,4.34,0,0,0,0,50.621025,-2.451009,2.15,6.01,8.16,0
RDY,DORSET HEALTHCARE UNIVERSITY NHS FOUNDATION TRUST,SOUTH WEST COMMISSIONING REGION,MENTAL HEALTH AND LEARNING DISABILITY,RDYEG,WESTHAVEN HOSPITAL,DT4 0QE,NHS DORSET ICB,DORSET COUNCIL,Community hospital (with inpatient beds),1899,0.84,2102,2.05,6976,7.57,0,0,0,0,50.61501,-2.479941,0.84,9.620000000000001,10.46,0
RDY,DORSET HEALTHCARE UNIVERSITY NHS FOUNDATION TRUST,SOUTH WEST COMMISSIONING REGION,MENTAL HEALTH AND LEARNING DISABILITY,RDYEH,PORTLAND HOSPITAL,DT5 1AX,NHS DORSET ICB,DORSET COUNCIL,Non inpatient,546,0.33,98,0.05,424,0.79,0,0,0,0,50.565805,-2.444819,0.33,0.8400000000000001,1.1700000000000002,0
RDY,DORSET HEALTHCARE UNIVERSITY NHS FOUNDATION TRUST,SOUTH WEST COMMISSIONING REGION,MENTAL HEALTH AND LEARNING DISABILITY,RDYEJ,BRIDPORT COMMUNITY HOSPITAL,DT6 5DR,NHS DORSET ICB,DORSET COUNCIL,Community hospital (with inpatient beds),1668,1.33,3210,2.48,7411,6.92,0,0,0,0,50.741594,-2.769929,1.33,9.4,10.73,-1
RDY,DORSET HEALTHCARE UNIVERSITY NHS FOUNDATION TRUST,SOUTH WEST COMMISSIONING REGION,MENTAL HEALTH AND LEARNING DISABILITY,RDYER,BLANDFORD COMMUNITY HOSPITAL,DT11 7DD,NHS DORSET ICB,DORSET COUNCIL,Community hospital (with inpatient beds),662,0.5,2751,2.31,5969,5.2,0,0,0,0,50.863063,-2.16798,0.5,7.51,8.01,11
RDY,DORSET HEALTHCARE UNIVERSITY NHS FOUNDATION TRUST,SOUTH WEST COMMISSIONING REGION,MENTAL HEALTH AND LEARNING DISABILITY,RDYEW,"FORSTON CLINIC, HERRISON",DT2 9TB,NHS DORSET ICB,DORSET COUNCIL,Mental Health and Learning Disabilities,2350,1.68,938,0.76,2388,3.35,0,0,0,0,50.754318,-2.45334,1.68,4.11,5.79,0
RDY,DORSET HEALTHCARE UNIVERSITY NHS FOUNDATION TRUST,SOUTH WEST COMMISSIONING REGION,MENTAL HEALTH AND LEARNING DISABILITY,RDYEY,WESTMINSTER MEMORIAL HOSPITAL,SP7 8BD,NHS DORSET ICB,DORSET COUNCIL,Community hospital (with inpatient beds),1697,0.86,1027,1.15,4329,5.09,0,0,0,0,51.004714,-2.200145,0.86,6.24,7.1000000000000005,11
RDY,DORSET HEALTHCARE UNIVERSITY NHS FOUNDATION TRUST,SOUTH WEST COMMISSIONING REGION,MENTAL HEALTH AND LEARNING DISABILITY,RDYFC,YEATMAN HOSPITAL,DT9 3JU,NHS DORSET ICB,DORSET COUNCIL,Community hospital (with inpatient beds),1123,0.83,3117,2.72,10160,9.21,0,0,0,0,50.949725,-2.519044,0.83,11.930000000000001,12.760000000000002,12
RDY,DORSET HEALTHCARE UNIVERSITY NHS FOUNDATION TRUST,SOUTH WEST COMMISSIONING REGION,MENTAL HEALTH AND LEARNING DISABILITY,RDYFD,WAREHAM COMMUNITY HOSPITAL,BH20 4QQ,NHS DORSET ICB,DORSET COUNCIL,Non inpatient,1925,0.96,824,0.5,1747,3.2,0,0,0,0,50.686975,-2.116741,0.96,3.7,4.66,11
RDY,DORSET HEALTHCARE UNIVERSITY NHS FOUNDATION TRUST,SOUTH WEST COMMISSIONING REGION,MENTAL HEALTH AND LEARNING DISABILITY,RDYFE,WIMBORNE COMMUNITY HOSPITAL,BH21 1ER,NHS DORSET ICB,DORSET COUNCIL,Community hospital (with inpatient beds),4424,3.27,2528,2.92,6384,5.86,0,0,0,0,50.802186,-1.995911,3.27,8.780000000000001,12.05,11
RDY,DORSET HEALTHCARE UNIVERSITY NHS FOUNDATION TRUST,SOUTH WEST COMMISSIONING REGION,MENTAL HEALTH AND LEARNING DISABILITY,RDYFF,SWANAGE COMMUNITY HOSPITAL,BH19 2ES,NHS DORSET ICB,DORSET COUNCIL,Community hospital (with inpatient beds),633,0.33,2685,3.07,4269,4.36,0,0,0,0,50.605498,-1.961207,0.33,7.43,7.76,11
RDY,DORSET HEALTHCARE UNIVERSITY NHS FOUNDATION TRUST,SOUTH WEST COMMISSIONING REGION,MENTAL HEALTH AND LEARNING DISABILITY,RDYFG,ST LEONARDS COMMUNITY HOSPITAL,BH24 2RR,NHS DORSET ICB,DORSET COUNCIL,Non inpatient,1897,1.14,979,0.46,2625,3.57,0,0,0,0,50.81735,-1.856599,1.14,4.03,5.17,11
RDY,DORSET HEALTHCARE UNIVERSITY NHS FOUNDATION TRUST,SOUTH WEST COMMISSIONING REGION,MENTAL HEALTH AND LEARNING DISABILITY,RDYFP,FREDERICK TREVES HOUSE,DT1 2FD,NHS DORSET ICB,DORSET COUNCIL,Non inpatient,Not Applicable,0.0,Not Applicable,0.0,Not Applicable,0.0,Not Applicable,Not Applicable,Not Applicable,Not Applicable,50.713492,-2.457605,0.0,0.0,0.0,0
RDY,DORSET HEALTHCARE UNIVERSITY NHS FOUNDATION TRUST,SOUTH WEST COMMISSIONING REGION,MENTAL HEALTH AND LEARNING DISABILITY,RDYFT,MAIDEN CASTLE,DT1 2ER,NHS DORSET ICB,DORSET COUNCIL,Mental Health and Learning Disabilities,628,0.1,393,0.19,1590,1.45,0,0,0,0,50.706052,-2.444546,0.1,1.64,1.74,0
RDY,DORSET HEALTHCARE UNIVERSITY NHS FOUNDATION TRUST,SOUTH WEST COMMISSIONING REGION,MENTAL HEALTH AND LEARNING DISABILITY,RDYJP,LITTLEMOOR HEALTH CENTRE,DT3 6SA,NHS DORSET ICB,DORSET COUNCIL,Non inpatient,0,0.0,0,0.0,0,0.0,0,0,0,0,50.647736,-2.455409,0.0,0.0,0.0,0
RDY,DORSET HEALTHCARE UNIVERSITY NHS FOUNDATION TRUST,SOUTH WEST COMMISSIONING REGION,MENTAL HEALTH AND LEARNING DISABILITY,RDYNM,DORSET HEALTHCARE UNIVERSITY NHS FOUNDATION TRUST HQ (SENTINAL HOUSE),BH17 0RB,NHS DORSET ICB,BCP COUNCIL,Non inpatient,Not Applicable,0.0,Not Applicable,0.0,1622,0.07,Not Applicable,Not Applicable,Not Applicable,Not Applicable,50.740063,-1.978032,0.0,0.07,0.07,11
RDY,DORSET HEALTHCARE UNIVERSITY NHS FOUNDATION TRUST,SOUTH WEST COMMISSIONING REGION,MENTAL HEALTH AND LEARNING DISABILITY,RDYORS,OTHER REPORTABLE SITES,BH1 4JQ,NHS DORSET ICB,BCP COUNCIL,Other Reportable Site,10044,3.72,10504,8.75,4257,2.91,0,0,0,0,50.729255,-1.841466,3.72,11.66,15.38,11
REF,ROYAL CORNWALL HOSPITALS NHS TRUST,SOUTH WEST COMMISSIONING REGION,ACUTE - LARGE,REF01,WEST CORNWALL HOSPITAL,TR18 2PF,NHS CORNWALL AND THE ISLES OF SCILLY ICB,CORNWALL COUNCIL,General acute hospital,66829,97.22,0,0.0,0,0.0,0,0,0,0,50.122046,-5.543031,97.22,0.0,97.22,1
REF,ROYAL CORNWALL HOSPITALS NHS TRUST,SOUTH WEST COMMISSIONING REGION,ACUTE - LARGE,REF02,ST MICHAELS HOSPITAL,TR27 4JA,NHS CORNWALL AND THE ISLES OF SCILLY ICB,CORNWALL COUNCIL,General acute hospital,52427,76.26,0,0.0,0,0.0,0,0,0,0,50.180342,-5.424475,76.26,0.0,76.26,1
REF,ROYAL CORNWALL HOSPITALS NHS TRUST,SOUTH WEST COMMISSIONING REGION,ACUTE - LARGE,REF12,ROYAL CORNWALL HOSPITAL,TR1 3LJ,NHS CORNWALL AND THE ISLES OF SCILLY ICB,CORNWALL COUNCIL,General acute hospital,676007,983.49,0,0.0,0,0.0,0,0,0,0,50.266675,-5.091511,983.49,0.0,983.49,1
REF,ROYAL CORNWALL HOSPITALS NHS TRUST,SOUTH WEST COMMISSIONING REGION,ACUTE - LARGE,REF81,ST AUSTELL COMMUNITY HOSPITAL,PL26 6AD,NHS CORNWALL AND THE ISLES OF SCILLY ICB,CORNWALL COUNCIL,Non inpatient,Not Applicable,0.0,Not Applicable,0.0,Not Applicable,0.0,Not Applicable,Not Applicable,Not Applicable,Not Applicable,50.327864,-4.772405,0.0,0.0,0.0,5
REF,ROYAL CORNWALL HOSPITALS NHS TRUST,SOUTH WEST COMMISSIONING REGION,ACUTE - LARGE,REFORS,OTHER REPORTABLE SITES,TR1 3LJ,NHS CORNWALL AND THE ISLES OF SCILLY ICB,CORNWALL COUNCIL,Other Reportable Site,0,0.0,0,0.0,0,0.0,0,0,0,0,50.266675,-5.091511,0.0,0.0,0.0,1
REF,ROYAL CORNWALL HOSPITALS NHS TRUST,SOUTH WEST COMMISSIONING REGION,ACUTE - LARGE,REFY1,SUSTENTATION,TR15 3RQ,NHS CORNWALL AND THE ISLES OF SCILLY ICB,CORNWALL COUNCIL,Non inpatient,0,0.0,0,0.0,0,0.0,0,0,0,0,50.227412,-5.251429,0.0,0.0,0.0,1
REF,ROYAL CORNWALL HOSPITALS NHS TRUST,SOUTH WEST COMMISSIONING REGION,ACUTE - LARGE,V8H3Z,RCHT CENTRAL STORES,TR4 9LD,NHS CORNWALL AND THE ISLES OF SCILLY ICB,CORNWALL COUNCIL,Non inpatient,Not Applicable,0.0,Not Applicable,0.0,0,0.0,Not Applicable,Not Applicable,Not Applicable,Not Applicable,50.261693,-5.123058,0.0,0.0,0.0,1
RH5,SOMERSET NHS FOUNDATION TRUST,SOUTH WEST COMMISSIONING REGION,ACUTE - MULTI-SERVICE,RH523,PARKGATE HOUSE,TA1 3EX,NHS SOMERSET ICB,SOMERSET COUNTY COUNCIL,Non inpatient,1222,0.3,1934,3.56,558,1.04,0,0,0,0,51.016138,-3.091189,0.3,4.6,4.8999999999999995,8
RH5,SOMERSET NHS FOUNDATION TRUST,SOUTH WEST COMMISSIONING REGION,ACUTE - MULTI-SERVICE,RH572,ROWAN,BA20 2BX,NHS SOMERSET ICB,SOMERSET COUNTY COUNCIL,Mental Health (including Specialist services),4238,1.02,296,0.53,535,1.7,0,0,0,0,50.946533,-2.648117,1.02,2.23,3.25,12
RH5,SOMERSET NHS FOUNDATION TRUST,SOUTH WEST COMMISSIONING REGION,ACUTE - MULTI-SERVICE,RH576,HOLFORD,TA2 7AZ,NHS SOMERSET ICB,SOMERSET COUNTY COUNCIL,Mental Health (including Specialist services),1329,0.44,182,0.31,2122,7.8,0,0,0,0,51.03289,-3.101937,0.44,8.11,8.549999999999999,8
RH5,SOMERSET NHS FOUNDATION TRUST,SOUTH WEST COMMISSIONING REGION,ACUTE - MULTI-SERVICE,RH5A8,MUSGROVE PARK HOSPITAL,TA1 5DA,NHS SOMERSET ICB,SOMERSET COUNTY COUNCIL,General acute hospital,152569,97.14,108511,142.65,149394,318.36,0,0,0,0,51.011569,-3.121702,97.14,461.01,558.15,8
RH5,SOMERSET NHS FOUNDATION TRUST,SOUTH WEST COMMISSIONING REGION,ACUTE - MULTI-SERVICE,RH5C8,GLANVILLE HOUSE,TA6 5AT,NHS SOMERSET ICB,SOMERSET COUNTY COUNCIL,Mental Health (including Specialist services),502,0.14,52,0.1,259,0.06,0,0,0,0,51.131103,-2.998114,0.14,0.16,0.30000000000000004,9
RH5,SOMERSET NHS FOUNDATION TRUST,SOUTH WEST COMMISSIONING REGION,ACUTE - MULTI-SERVICE,RH5D1,FOUNDATION HOUSE,TA2 7PQ,NHS SOMERSET ICB,SOMERSET COUNTY COUNCIL,Non inpatient,66,0.02,0,0.0,833,1.4,0,0,0,0,51.031851,-3.102383,0.02,1.4,1.42,8
RH5,SOMERSET NHS FOUNDATION TRUST,SOUTH WEST COMMISSIONING REGION,ACUTE - MULTI-SERVICE,RH5F1,WELLINGTON AND DISTRICT COTTAGE HOSPITAL,TA21 8QQ,NHS SOMERSET ICB,SOMERSET COUNTY COUNCIL,Non inpatient,2039,0.88,338,0.63,1144,3.75,0,0,0,0,50.976665,-3.227424,0.88,4.38,5.26,8
RH5,SOMERSET NHS FOUNDATION TRUST,SOUTH WEST COMMISSIONING REGION,ACUTE - MULTI-SERVICE,RH5F2,CHARD HOSPITAL,TA20 1NF,NHS SOMERSET ICB,SOMERSET COUNTY COUNCIL,Community hospital (with inpatient beds),3825,0.82,936,1.75,1211,3.93,0,0,0,0,50.874987,-2.952378,0.82,5.68,6.5,12
RH5,SOMERSET NHS FOUNDATION TRUST,SOUTH WEST COMMISSIONING REGION,ACUTE - MULTI-SERVICE,RH5F4,BURNHAM-ON-SEA WAR MEMORIAL HOSPITAL,TA8 1ED,NHS SOMERSET ICB,SOMERSET COUNTY COUNCIL,Community hospital (with inpatient beds),3791,0.81,1586,2.57,2448,8.03,0,0,0,0,51.238794,-2.993884,0.81,10.6,11.41,9
RH5,SOMERSET NHS FOUNDATION TRUST,SOUTH WEST COMMISSIONING REGION,ACUTE - MULTI-SERVICE,RH5F5,MINEHEAD COMMUNITY HOSPITAL,TA24 6DF,NHS SOMERSET ICB,SOMERSET COUNTY COUNCIL,Community hospital (with inpatient beds),1428,0.8,2106,3.3,4022,13.1,0,0,0,0,51.200109,-3.461912,0.8,16.4,17.2,-1
RH5,SOMERSET NHS FOUNDATION TRUST,SOUTH WEST COMMISSIONING REGION,ACUTE - MULTI-SERVICE,RH5F6,WILLITON HOSPITAL,TA4 4RA,NHS SOMERSET ICB,SOMERSET COUNTY COUNCIL,Community hospital (with inpatient beds),1419,0.6,1534,2.47,2540,8.33,0,0,0,0,51.162884,-3.323221,0.6,10.8,11.4,-1
RH5,SOMERSET NHS FOUNDATION TRUST,SOUTH WEST COMMISSIONING REGION,ACUTE - MULTI-SERVICE,RH5F7,SHEPTON MALLET COMMUNITY HOSPITAL,BA4 4PG,NHS SOMERSET ICB,SOMERSET COUNTY COUNCIL,Non inpatient,2591,0.69,936,1.75,1165,3.79,0,0,0,0,51.190569,-2.562487,0.69,5.54,6.23,-1
RH5,SOMERSET NHS FOUNDATION TRUST,SOUTH WEST COMMISSIONING REGION,ACUTE - MULTI-SERVICE,RH5F8,WEST MENDIP COMMUNITY HOSPITAL,BA6 8JD,NHS SOMERSET ICB,SOMERSET COUNTY COUNCIL,Community hospital (with inpatient beds),3713,0.92,2475,4.09,5624,18.3,0,0,0,0,51.160472,-2.699235,0.92,22.39,23.310000000000002,-1
RH5,SOMERSET NHS FOUNDATION TRUST,SOUTH WEST COMMISSIONING REGION,ACUTE - MULTI-SERVICE,RH5F9,CREWKERNE HOSPITAL,TA18 8BG,NHS SOMERSET ICB,SOMERSET COUNTY COUNCIL,Community hospital (with inpatient beds),1666,0.37,1768,3.2,2448,8.03,0,0,0,0,50.880112,-2.797939,0.37,11.23,11.6,12
RH5,SOMERSET NHS FOUNDATION TRUST,SOUTH WEST COMMISSIONING REGION,ACUTE - MULTI-SERVICE,RH5G1,SOUTH PETHERTON HOSPITAL,TA13 5AR,NHS SOMERSET ICB,SOMERSET COUNTY COUNCIL,Community hospital (with inpatient beds),3004,0.71,2080,3.49,2448,8.02,0,0,0,0,50.953222,-2.800489,0.71,11.51,12.219999999999999,12
RH5,SOMERSET NHS FOUNDATION TRUST,SOUTH WEST COMMISSIONING REGION,ACUTE - MULTI-SERVICE,RH5G2,WINCANTON COMMUNITY HOSPITAL,BA9 9DQ,NHS SOMERSET ICB,SOMERSET COUNTY COUNCIL,Community hospital (with inpatient beds),2148,0.85,1326,2.48,2425,7.95,0,0,0,0,51.058747,-2.418169,0.85,10.43,11.28,11
RH5,SOMERSET NHS FOUNDATION TRUST,SOUTH WEST COMMISSIONING REGION,ACUTE - MULTI-SERVICE,RH5G3,DENE BARTON COMMUNITY UNIT,TA4 1DD,NHS SOMERSET ICB,SOMERSET COUNTY COUNCIL,Community hospital (with inpatient beds),345,0.16,146,0.26,641,2.1,0,0,0,0,51.037581,-3.182221,0.16,2.3600000000000003,2.5200000000000005,8
RH5,SOMERSET NHS FOUNDATION TRUST,SOUTH WEST COMMISSIONING REGION,ACUTE - MULTI-SERVICE,RH5G5,FROME COMMUNITY HOSPITAL,BA11 2FH,NHS SOMERSET ICB,SOMERSET COUNTY COUNCIL,Community hospital (with inpatient beds),3086,1.16,1638,3.07,3359,10.95,0,0,0,0,51.237312,-2.311565,1.16,14.02,15.18,-1
RH5,SOMERSET NHS FOUNDATION TRUST,SOUTH WEST COMMISSIONING REGION,ACUTE - MULTI-SERVICE,RH5H5,ST ANDREWS,BA5 1TH,NHS SOMERSET ICB,SOMERSET COUNTY COUNCIL,Mental Health (including Specialist services),0,0.0,0,0.0,1,0.01,0,0,0,0,51.202969,-2.655807,0.0,0.01,0.01,-1
RH5,SOMERSET NHS FOUNDATION TRUST,SOUTH WEST COMMISSIONING REGION,ACUTE - MULTI-SERVICE,RH5O4,YEOVIL DISTRICT HOSPITAL,BA21 4AT,NHS SOMERSET ICB,SOMERSET COUNTY COUNCIL,General acute hospital,37068,36.18,60664,120.35,87198,181.88,0,0,0,0,50.944835,-2.634713,36.18,302.23,338.41,12
RH5,SOMERSET NHS FOUNDATION TRUST,SOUTH WEST COMMISSIONING REGION,ACUTE - MULTI-SERVICE,RH5ORS,OTHER REPORTABLE SITES,TA6 4RN,NHS SOMERSET ICB,SOMERSET COUNTY COUNCIL,Other Reportable Site,6166,3.26,3199,5.85,4967,10.14,0,0,0,0,51.148585,-2.994789,3.26,15.99,19.25,9
RH5,SOMERSET NHS FOUNDATION TRUST,SOUTH WEST COMMISSIONING REGION,ACUTE - MULTI-SERVICE,RH5Q9,MEDICAL RECORDS,TA2 8RX,NHS SOMERSET ICB,SOMERSET COUNTY COUNCIL,Non inpatient,Not Applicable,0.0,Not Applicable,0.0,0,0.0,Not Applicable,Not Applicable,Not Applicable,Not Applicable,51.027793,-3.08054,0.0,0.0,0.0,8
RH5,SOMERSET NHS FOUNDATION TRUST,SOUTH WEST COMMISSIONING REGION,ACUTE - MULTI-SERVICE,RH5S9,THE EXCHANGE,TA6 4RR,NHS SOMERSET ICB,SOMERSET COUNTY COUNCIL,Non inpatient,Not Applicable,0.0,Not Applicable,0.0,0,0.0,Not Applicable,Not Applicable,Not Applicable,Not Applicable,51.145671,-2.991609,0.0,0.0,0.0,9
RH5,SOMERSET NHS FOUNDATION TRUST,SOUTH WEST COMMISSIONING REGION,ACUTE - MULTI-SERVICE,RH5U8,EAST REACH CLINIC,TA1 3ES,NHS SOMERSET ICB,SOMERSET COUNTY COUNCIL,Non inpatient,0,0.0,0,0.0,0,0.0,0,0,0,0,51.015717,-3.092933,0.0,0.0,0.0,8
RH5,SOMERSET NHS FOUNDATION TRUST,SOUTH WEST COMMISSIONING REGION,ACUTE - MULTI-SERVICE,T9B5Q,DIAGNOSTIC OPHTHALMOLOGY CENTRE,TA1 2PX,NHS SOMERSET ICB,SOMERSET COUNTY COUNCIL,Non inpatient,0,0.0,0,0.0,0,0.0,0,0,0,0,51.014077,-3.068003,0.0,0.0,0.0,8
RH5,SOMERSET NHS FOUNDATION TRUST,SOUTH WEST COMMISSIONING REGION,ACUTE - MULTI-SERVICE,U2K0F,YEOVIL MEDICAL RECORDS,BA22 8RP,NHS SOMERSET ICB,SOMERSET COUNTY COUNCIL,Non inpatient,Not Applicable,0.0,Not Applicable,0.0,0,0.0,Not Applicable,Not Applicable,Not Applicable,Not Applicable,50.948825,-2.681418,0.0,0.0,0.0,12
RH8,ROYAL DEVON UNIVERSITY HEALTHCARE NHS FOUNDATION TRUST,SOUTH WEST COMMISSIONING REGION,ACUTE - LARGE,E8Q7Z,HOLSWORTHY HOSPITAL,EX22 6JQ,NHS DEVON ICB,DEVON COUNTY COUNCIL,Non inpatient,637,0.34,107,0.08,644,0.72,0,0,0,0,50.818314,-4.34969,0.34,0.7999999999999999,1.14,-1
RH8,ROYAL DEVON UNIVERSITY HEALTHCARE NHS FOUNDATION TRUST,SOUTH WEST COMMISSIONING REGION,ACUTE - LARGE,J7S5V,KESTREL PPE STORE,EX2 7LA,NHS DEVON ICB,DEVON COUNTY COUNCIL,Non inpatient,0,0.0,0,0.0,0,0.0,0,0,0,0,50.718208,-3.467488,0.0,0.0,0.0,19
RH8,ROYAL DEVON UNIVERSITY HEALTHCARE NHS FOUNDATION TRUST,SOUTH WEST COMMISSIONING REGION,ACUTE - LARGE,K0K6H,ILFRACOMBE HOSPITAL,EX34 8JF,NHS DEVON ICB,DEVON COUNTY COUNCIL,Non inpatient,1654,0.24,1084,0.57,569,0.93,0,0,0,0,51.204513,-4.124444,0.24,1.5,1.74,2
RH8,ROYAL DEVON UNIVERSITY HEALTHCARE NHS FOUNDATION TRUST,SOUTH WEST COMMISSIONING REGION,ACUTE - LARGE,K6V4F,TORRINGTON HOSPITAL,EX38 7BJ,NHS DEVON ICB,DEVON COUNTY COUNCIL,Non inpatient,3303,0.66,13,0.02,486,0.79,0,0,0,0,50.954721,-4.136994,0.66,0.81,1.4700000000000002,2
RH8,ROYAL DEVON UNIVERSITY HEALTHCARE NHS FOUNDATION TRUST,SOUTH WEST COMMISSIONING REGION,ACUTE - LARGE,L4L6K,BARNSTAPLE HEALTH CENTRE,EX32 7BH,NHS DEVON ICB,DEVON COUNTY COUNCIL,Non inpatient,332,0.35,890,1.05,2187,2.97,0,0,0,0,51.083289,-4.056102,0.35,4.0200000000000005,4.37,2
RH8,ROYAL DEVON UNIVERSITY HEALTHCARE NHS FOUNDATION TRUST,SOUTH WEST COMMISSIONING REGION,ACUTE - LARGE,RH801,ROYAL DEVON & EXETER HOSPITAL (WONFORD),EX2 5DW,NHS DEVON ICB,DEVON COUNTY COUNCIL,General acute hospital,441448,760.0,0,0.0,0,0.0,0,0,0,0,50.716692,-3.506694,760.0,0.0,760.0,20
RH8,ROYAL DEVON UNIVERSITY HEALTHCARE NHS FOUNDATION TRUST,SOUTH WEST COMMISSIONING REGION,ACUTE - LARGE,RH802,HEAVITREE HOSPITAL ,EX1 2ED,NHS DEVON ICB,DEVON COUNTY COUNCIL,Non inpatient,26985,47.0,0,0.0,0,0.0,0,0,0,0,50.724743,-3.514193,47.0,0.0,47.0,20
RH8,ROYAL DEVON UNIVERSITY HEALTHCARE NHS FOUNDATION TRUST,SOUTH WEST COMMISSIONING REGION,ACUTE - LARGE,RH833,OKEHAMPTON COMMUNITY HOSPITAL,EX20 1PN,NHS DEVON ICB,DEVON COUNTY COUNCIL,Non inpatient,1335,0.31,861,0.79,553,0.39,0,0,0,0,50.741905,-3.997224,0.31,1.1800000000000002,1.4900000000000002,-1
RH8,ROYAL DEVON UNIVERSITY HEALTHCARE NHS FOUNDATION TRUST,SOUTH WEST COMMISSIONING REGION,ACUTE - LARGE,RH834,OTTERY ST MARY HOSPITAL,EX11 1DN,NHS DEVON ICB,DEVON COUNTY COUNCIL,Non inpatient,3151,0.86,1938,2.49,1874,1.66,0,0,0,0,50.750103,-3.291587,0.86,4.15,5.010000000000001,-1
RH8,ROYAL DEVON UNIVERSITY HEALTHCARE NHS FOUNDATION TRUST,SOUTH WEST COMMISSIONING REGION,ACUTE - LARGE,RH836,CREDITON HOSPITAL,EX17 3NH,NHS DEVON ICB,DEVON COUNTY COUNCIL,Non inpatient,1482,0.23,428,0.5,234,0.3,0,0,0,0,50.792363,-3.674143,0.23,0.8,1.03,-1
RH8,ROYAL DEVON UNIVERSITY HEALTHCARE NHS FOUNDATION TRUST,SOUTH WEST COMMISSIONING REGION,ACUTE - LARGE,RH837,SOUTH MOLTON HOSPITAL,EX36 4DP,NHS DEVON ICB,DEVON COUNTY COUNCIL,Community hospital (with inpatient beds),665,0.68,1627,1.35,2832,7.17,0,0,0,0,51.017013,-3.839455,0.68,8.52,9.2,2
RH8,ROYAL DEVON UNIVERSITY HEALTHCARE NHS FOUNDATION TRUST,SOUTH WEST COMMISSIONING REGION,ACUTE - LARGE,RH854,HONITON HOSPITAL,EX14 2DE,NHS DEVON ICB,DEVON COUNTY COUNCIL,Community hospital (with inpatient beds),9731,8.31,1722,1.85,937,0.8,0,0,0,0,50.794917,-3.186587,8.31,2.6500000000000004,10.96,-1
RH8,ROYAL DEVON UNIVERSITY HEALTHCARE NHS FOUNDATION TRUST,SOUTH WEST COMMISSIONING REGION,ACUTE - LARGE,RH857,AXMINSTER HOSPITAL,EX13 5DU,NHS DEVON ICB,DEVON COUNTY COUNCIL,Non inpatient,1131,0.31,5154,3.43,766,0.53,0,0,0,0,50.783882,-2.996275,0.31,3.96,4.27,12
RH8,ROYAL DEVON UNIVERSITY HEALTHCARE NHS FOUNDATION TRUST,SOUTH WEST COMMISSIONING REGION,ACUTE - LARGE,RH858,EXMOUTH HOSPITAL,EX8 2JN,NHS DEVON ICB,DEVON COUNTY COUNCIL,Community hospital (with inpatient beds),4397,0.8,4651,3.99,4303,4.22,0,0,0,0,50.620533,-3.401621,0.8,8.21,9.010000000000002,17
RH8,ROYAL DEVON UNIVERSITY HEALTHCARE NHS FOUNDATION TRUST,SOUTH WEST COMMISSIONING REGION,ACUTE - LARGE,RH859,VICTORIA HOSPITAL (SIDMOUTH),EX10 8EW,NHS DEVON ICB,DEVON COUNTY COUNCIL,Community hospital (with inpatient beds),2384,1.31,2186,2.7,4133,6.04,0,0,0,0,50.681599,-3.239667,1.31,8.74,10.05,-1
RH8,ROYAL DEVON UNIVERSITY HEALTHCARE NHS FOUNDATION TRUST,SOUTH WEST COMMISSIONING REGION,ACUTE - LARGE,RH868,MARDON HOUSE,EX2 4UD,NHS DEVON ICB,DEVON COUNTY COUNCIL,Other inpatient,1803,3.09,0,0.0,0,0.0,0,0,0,0,50.716577,-3.513462,3.09,0.0,3.09,20
RH8,ROYAL DEVON UNIVERSITY HEALTHCARE NHS FOUNDATION TRUST,SOUTH WEST COMMISSIONING REGION,ACUTE - LARGE,RH879,SOUTH DEVON RENAL UNIT,TQ2 7JF,NHS DEVON ICB,TORBAY COUNCIL,Non inpatient,48880,30.89,0,0.0,2093,2.08,0,0,0,0,50.484842,-3.572271,30.89,2.08,32.97,18
RH8,ROYAL DEVON UNIVERSITY HEALTHCARE NHS FOUNDATION TRUST,SOUTH WEST COMMISSIONING REGION,ACUTE - LARGE,RH880,NORTH DEVON DISTRICT HOSPITAL,EX31 4JB,NHS DEVON ICB,DEVON COUNTY COUNCIL,General acute hospital,128537,146.69,45786,91.98,37427,111.19,0,0,0,0,51.092166,-4.050455,146.69,203.17000000000002,349.86,2
RH8,ROYAL DEVON UNIVERSITY HEALTHCARE NHS FOUNDATION TRUST,SOUTH WEST COMMISSIONING REGION,ACUTE - LARGE,RH8A1,"NEWCOURT HOUSE, EXETER",EX2 7JU,NHS DEVON ICB,DEVON COUNTY COUNCIL,Non inpatient,Not Applicable,0.0,Not Applicable,0.0,0,0.0,Not Applicable,Not Applicable,Not Applicable,Not Applicable,50.703677,-3.477967,0.0,0.0,0.0,19
RH8,ROYAL DEVON UNIVERSITY HEALTHCARE NHS FOUNDATION TRUST,SOUTH WEST COMMISSIONING REGION,ACUTE - LARGE,RH8A4,SEATON HOSPITAL,EX12 2UU,NHS DEVON ICB,DEVON COUNTY COUNCIL,Non inpatient,1085,0.23,789,0.49,340,0.07,0,0,0,0,50.711792,-3.071515,0.23,0.56,0.79,12
RH8,ROYAL DEVON UNIVERSITY HEALTHCARE NHS FOUNDATION TRUST,SOUTH WEST COMMISSIONING REGION,ACUTE - LARGE,RH8D6,EXETER COMMUNITY HOSPITAL,EX1 3RB,NHS DEVON ICB,DEVON COUNTY COUNCIL,Non inpatient,3316,1.25,3660,3.38,468,0.26,0,0,0,0,50.730966,-3.484168,1.25,3.6399999999999997,4.89,19
RH8,ROYAL DEVON UNIVERSITY HEALTHCARE NHS FOUNDATION TRUST,SOUTH WEST COMMISSIONING REGION,ACUTE - LARGE,RH8G6,BIDEFORD HOSPITAL,EX39 3AG,NHS DEVON ICB,DEVON COUNTY COUNCIL,Non inpatient,332,0.5,984,1.69,1658,2.31,0,0,0,0,51.017812,-4.212783,0.5,4.0,4.5,2
RH8,ROYAL DEVON UNIVERSITY HEALTHCARE NHS FOUNDATION TRUST,SOUTH WEST COMMISSIONING REGION,ACUTE - LARGE,RH8H8,NHS WALK-IN CENTRE - EXETER,EX4 6NN,NHS DEVON ICB,DEVON COUNTY COUNCIL,Non inpatient,1247,0.29,3510,4.38,5,0.01,0,0,0,0,50.726374,-3.525637,0.29,4.39,4.68,20
RH8,ROYAL DEVON UNIVERSITY HEALTHCARE NHS FOUNDATION TRUST,SOUTH WEST COMMISSIONING REGION,ACUTE - LARGE,RH8K6,NHS NIGHTINGALE HOSPITAL EXETER,EX2 7JG,NHS DEVON ICB,DEVON COUNTY COUNCIL,Non inpatient,16108,22.7,0,0.0,0,0.0,0,0,0,0,50.724639,-3.464586,22.7,0.0,22.7,19
RH8,ROYAL DEVON UNIVERSITY HEALTHCARE NHS FOUNDATION TRUST,SOUTH WEST COMMISSIONING REGION,ACUTE - LARGE,RH8ORS,OTHER REPORTABLE SITES,EX2 5DW,NHS DEVON ICB,DEVON COUNTY COUNCIL,Other Reportable Site,4481,1.0,5372,6.0,838,1.0,0,0,0,0,50.716692,-3.506694,1.0,7.0,8.0,20
RH8,ROYAL DEVON UNIVERSITY HEALTHCARE NHS FOUNDATION TRUST,SOUTH WEST COMMISSIONING REGION,ACUTE - LARGE,V2W0R,DEVONSHIRE HOUSE,EX31 1QN,NHS DEVON ICB,DEVON COUNTY COUNCIL,Non inpatient,Not Applicable,0.0,Not Applicable,0.0,0,0.0,Not Applicable,Not Applicable,Not Applicable,Not Applicable,51.084544,-4.081731,0.0,0.0,0.0,2
RJ8,CORNWALL PARTNERSHIP NHS FOUNDATION TRUST,SOUTH WEST COMMISSIONING REGION,MENTAL HEALTH AND LEARNING DISABILITY,RJ801,ST AUSTELL COMMUNITY HOSPITAL,PL26 6AD,NHS CORNWALL AND THE ISLES OF SCILLY ICB,CORNWALL COUNCIL,Community hospital (with inpatient beds),21472,30.2,0,0.0,9024,12.69,0,0,0,0,50.327864,-4.772405,30.2,12.69,42.89,5
RJ8,CORNWALL PARTNERSHIP NHS FOUNDATION TRUST,SOUTH WEST COMMISSIONING REGION,MENTAL HEALTH AND LEARNING DISABILITY,RJ805,HELSTON HOSPITAL,TR13 8DR,NHS CORNWALL AND THE ISLES OF SCILLY ICB,CORNWALL COUNCIL,Community hospital (with inpatient beds),9568,13.46,0,0.0,6112,8.6,0,0,0,0,50.091946,-5.264928,13.46,8.6,22.060000000000002,1
RJ8,CORNWALL PARTNERSHIP NHS FOUNDATION TRUST,SOUTH WEST COMMISSIONING REGION,MENTAL HEALTH AND LEARNING DISABILITY,RJ807,NEWQUAY HOSPITAL,TR7 1RQ,NHS CORNWALL AND THE ISLES OF SCILLY ICB,CORNWALL COUNCIL,Community hospital (with inpatient beds),4064,5.72,0,0.0,6144,8.64,0,0,0,0,50.411047,-5.074255,5.72,8.64,14.36,1
RJ8,CORNWALL PARTNERSHIP NHS FOUNDATION TRUST,SOUTH WEST COMMISSIONING REGION,MENTAL HEALTH AND LEARNING DISABILITY,RJ809,ST MARY'S HOSPITAL,TR21 0LE,NHS CORNWALL AND THE ISLES OF SCILLY ICB,COUNCIL OF THE ISLES OF SCILLY,Community hospital (with inpatient beds),2368,3.38,0,0.0,32,0.05,0,0,0,0,49.913046,-6.309354,3.38,0.05,3.4299999999999997,-1
RJ8,CORNWALL PARTNERSHIP NHS FOUNDATION TRUST,SOUTH WEST COMMISSIONING REGION,MENTAL HEALTH AND LEARNING DISABILITY,RJ80G-X,SOWENNA UNIT,PL31 2QN,NHS CORNWALL AND THE ISLES OF SCILLY ICB,CORNWALL COUNCIL,Mental Health (including Specialist services),1568,0.46,0,0.0,544,0.14,0,0,0,0,50.471755,-4.740858,0.46,0.14,0.6000000000000001,5
RJ8,CORNWALL PARTNERSHIP NHS FOUNDATION TRUST,SOUTH WEST COMMISSIONING REGION,MENTAL HEALTH AND LEARNING DISABILITY,RJ815,BOLITHO HOSPITAL,TR18 4NY,NHS CORNWALL AND THE ISLES OF SCILLY ICB,CORNWALL COUNCIL,Non inpatient,832,0.12,0,0.0,0,0.0,0,0,0,0,50.111385,-5.548623,0.12,0.0,0.12,1
RJ8,CORNWALL PARTNERSHIP NHS FOUNDATION TRUST,SOUTH WEST COMMISSIONING REGION,MENTAL HEALTH AND LEARNING DISABILITY,RJ817,CAMBORNE REDRUTH COMMUNITY HOSPITAL,TR15 3ER,NHS CORNWALL AND THE ISLES OF SCILLY ICB,CORNWALL COUNCIL,Community hospital (with inpatient beds),15680,22.05,0,0.0,13536,19.04,0,0,0,0,50.229371,-5.244424,22.05,19.04,41.09,1
RJ8,CORNWALL PARTNERSHIP NHS FOUNDATION TRUST,SOUTH WEST COMMISSIONING REGION,MENTAL HEALTH AND LEARNING DISABILITY,RJ823,TREVILLIS,PL14 4EN,NHS CORNWALL AND THE ISLES OF SCILLY ICB,CORNWALL COUNCIL,Non inpatient,514,0.07,0,0.0,0,0.0,0,0,0,0,50.44387,-4.470624,0.07,0.0,0.07,-1
RJ8,CORNWALL PARTNERSHIP NHS FOUNDATION TRUST,SOUTH WEST COMMISSIONING REGION,MENTAL HEALTH AND LEARNING DISABILITY,RJ842,FALMOUTH HOSPITAL,TR11 2JA,NHS CORNWALL AND THE ISLES OF SCILLY ICB,CORNWALL COUNCIL,Community hospital (with inpatient beds),10208,14.4,0,0.0,3648,5.13,0,0,0,0,50.155671,-5.086189,14.4,5.13,19.53,1
RJ8,CORNWALL PARTNERSHIP NHS FOUNDATION TRUST,SOUTH WEST COMMISSIONING REGION,MENTAL HEALTH AND LEARNING DISABILITY,RJ851,KERNOW BUILDING,TR15 2SP,NHS CORNWALL AND THE ISLES OF SCILLY ICB,CORNWALL COUNCIL,Non inpatient,0,0.0,0,0.0,0,0.0,0,0,0,0,50.232399,-5.22909,0.0,0.0,0.0,1
RJ8,CORNWALL PARTNERSHIP NHS FOUNDATION TRUST,SOUTH WEST COMMISSIONING REGION,MENTAL HEALTH AND LEARNING DISABILITY,RJ860,"HELSTON HEALTH OFFICES, TRENGROUSE WAY",TR13 8AX,NHS CORNWALL AND THE ISLES OF SCILLY ICB,CORNWALL COUNCIL,Non inpatient,1952,0.87,0,0.0,0,0.0,0,0,0,0,50.100683,-5.271872,0.87,0.0,0.87,1
RJ8,CORNWALL PARTNERSHIP NHS FOUNDATION TRUST,SOUTH WEST COMMISSIONING REGION,MENTAL HEALTH AND LEARNING DISABILITY,RJ862,BANHAM HOUSE,PL31 2QT,NHS CORNWALL AND THE ISLES OF SCILLY ICB,CORNWALL COUNCIL,Non inpatient,Not Applicable,0.0,Not Applicable,0.0,0,0.0,Not Applicable,Not Applicable,Not Applicable,Not Applicable,50.468561,-4.741998,0.0,0.0,0.0,5
RJ8,CORNWALL PARTNERSHIP NHS FOUNDATION TRUST,SOUTH WEST COMMISSIONING REGION,MENTAL HEALTH AND LEARNING DISABILITY,RJ863,LONGREACH HOUSE,TR15 3ER,NHS CORNWALL AND THE ISLES OF SCILLY ICB,CORNWALL COUNCIL,Mental Health (including Specialist services),640,1.13,0,0.0,4000,5.63,0,0,0,0,50.229371,-5.244424,1.13,5.63,6.76,1
RJ8,CORNWALL PARTNERSHIP NHS FOUNDATION TRUST,SOUTH WEST COMMISSIONING REGION,MENTAL HEALTH AND LEARNING DISABILITY,RJ866,BODMIN HOSPITAL,PL31 2QT,NHS CORNWALL AND THE ISLES OF SCILLY ICB,CORNWALL COUNCIL,Mixed service hospital,9024,12.78,0,0.0,14880,20.93,0,0,0,0,50.468561,-4.741998,12.78,20.93,33.71,5
RJ8,CORNWALL PARTNERSHIP NHS FOUNDATION TRUST,SOUTH WEST COMMISSIONING REGION,MENTAL HEALTH AND LEARNING DISABILITY,RJ867,STRATTON HOSPITAL,EX23 9BR,NHS CORNWALL AND THE ISLES OF SCILLY ICB,CORNWALL COUNCIL,Community hospital (with inpatient beds),7835,12.2,0,0.0,128,0.18,0,0,0,0,50.830739,-4.517572,12.2,0.18,12.379999999999999,-1
RJ8,CORNWALL PARTNERSHIP NHS FOUNDATION TRUST,SOUTH WEST COMMISSIONING REGION,MENTAL HEALTH AND LEARNING DISABILITY,RJ870,LAUNCESTON HOSPITAL,PL15 9JD,NHS CORNWALL AND THE ISLES OF SCILLY ICB,CORNWALL COUNCIL,Community hospital (with inpatient beds),4960,6.98,0,0.0,4256,5.99,0,0,0,0,50.628374,-4.359805,6.98,5.99,12.97,-1
RJ8,CORNWALL PARTNERSHIP NHS FOUNDATION TRUST,SOUTH WEST COMMISSIONING REGION,MENTAL HEALTH AND LEARNING DISABILITY,RJ8A3,LISKEARD COMMUNITY HOSPITAL,PL14 3XD,NHS CORNWALL AND THE ISLES OF SCILLY ICB,CORNWALL COUNCIL,Community hospital (with inpatient beds),14080,19.8,0,0.0,6048,7.42,0,0,0,0,50.461573,-4.451016,19.8,7.42,27.22,-1
RJ8,CORNWALL PARTNERSHIP NHS FOUNDATION TRUST,SOUTH WEST COMMISSIONING REGION,MENTAL HEALTH AND LEARNING DISABILITY,RJ8A4,ST BARNABAS HOSPITAL,PL12 4BU,NHS CORNWALL AND THE ISLES OF SCILLY ICB,CORNWALL COUNCIL,Non inpatient,288,0.41,0,0.0,128,0.18,0,0,0,0,50.407319,-4.214082,0.41,0.18,0.59,-1
RJ8,CORNWALL PARTNERSHIP NHS FOUNDATION TRUST,SOUTH WEST COMMISSIONING REGION,MENTAL HEALTH AND LEARNING DISABILITY,RJ8A7,BODMIN HEALTH CENTRE,PL31 2LB,NHS CORNWALL AND THE ISLES OF SCILLY ICB,CORNWALL COUNCIL,Non inpatient,Not Applicable,0.0,Not Applicable,0.0,0,0.0,Not Applicable,Not Applicable,Not Applicable,Not Applicable,50.472848,-4.72264,0.0,0.0,0.0,5
RJ8,CORNWALL PARTNERSHIP NHS FOUNDATION TRUST,SOUTH WEST COMMISSIONING REGION,MENTAL HEALTH AND LEARNING DISABILITY,RJ8C8,FALMOUTH HEALTH CENTRE,TR11 2LH,NHS CORNWALL AND THE ISLES OF SCILLY ICB,CORNWALL COUNCIL,Non inpatient,0,0.0,0,0.0,0,0.0,0,0,0,0,50.156385,-5.086067,0.0,0.0,0.0,1
RJ8,CORNWALL PARTNERSHIP NHS FOUNDATION TRUST,SOUTH WEST COMMISSIONING REGION,MENTAL HEALTH AND LEARNING DISABILITY,RJ8E2,BELLAIR HEALTH OFFICE,TR18 4TA,NHS CORNWALL AND THE ISLES OF SCILLY ICB,CORNWALL COUNCIL,Non inpatient,Not Applicable,0.0,Not Applicable,0.0,0,0.0,Not Applicable,Not Applicable,Not Applicable,Not Applicable,50.117689,-5.542555,0.0,0.0,0.0,1
RJ8,CORNWALL PARTNERSHIP NHS FOUNDATION TRUST,SOUTH WEST COMMISSIONING REGION,MENTAL HEALTH AND LEARNING DISABILITY,RJ8E3,CAMBORNE HEALTH OFFICE,TR14 7DL,NHS CORNWALL AND THE ISLES OF SCILLY ICB,CORNWALL COUNCIL,Non inpatient,2048,0.61,0,0.0,0,0.0,0,0,0,0,50.213378,-5.303706,0.61,0.0,0.61,1
RJ8,CORNWALL PARTNERSHIP NHS FOUNDATION TRUST,SOUTH WEST COMMISSIONING REGION,MENTAL HEALTH AND LEARNING DISABILITY,RJ8J8,TRURO HEALTH PARK,TR1 2JA,NHS CORNWALL AND THE ISLES OF SCILLY ICB,CORNWALL COUNCIL,Non inpatient,0,0.0,0,0.0,0,0.0,0,0,0,0,50.259971,-5.055912,0.0,0.0,0.0,1
RJ8,CORNWALL PARTNERSHIP NHS FOUNDATION TRUST,SOUTH WEST COMMISSIONING REGION,MENTAL HEALTH AND LEARNING DISABILITY,RJ8ORS,OTHER REPORTABLE SITES,PL26 6AD,NHS CORNWALL AND THE ISLES OF SCILLY ICB,CORNWALL COUNCIL,Other Reportable Site,0,0.0,0,0.0,3042,1.21,0,0,0,0,50.327864,-4.772405,0.0,1.21,1.21,5
RJ8,CORNWALL PARTNERSHIP NHS FOUNDATION TRUST,SOUTH WEST COMMISSIONING REGION,MENTAL HEALTH AND LEARNING DISABILITY,VNAAX,CAREW HOUSE (HEAD OFFICE),PL31 2QN,NHS CORNWALL AND THE ISLES OF SCILLY ICB,CORNWALL COUNCIL,Non inpatient,224,0.02,0,0.0,0,0.0,0,0,0,0,50.471755,-4.740858,0.02,0.0,0.02,5
RK9,UNIVERSITY HOSPITALS PLYMOUTH NHS TRUST,SOUTH WEST COMMISSIONING REGION,ACUTE - TEACHING,A3C6M,UNIT 4 (BUSH PARK),PL6 7RG,NHS DEVON ICB,PLYMOUTH CITY COUNCIL,Non inpatient,0,0.0,0,0.0,0,0.0,0,0,0,0,50.414039,-4.089593,0.0,0.0,0.0,16
RK9,UNIVERSITY HOSPITALS PLYMOUTH NHS TRUST,SOUTH WEST COMMISSIONING REGION,ACUTE - TEACHING,A3K7K,RESIDENCES - PLYMBRIDGE,PL6 8AJ,NHS DEVON ICB,PLYMOUTH CITY COUNCIL,Non inpatient,0,0.0,0,0.0,0,0.0,0,0,0,0,50.419685,-4.119124,0.0,0.0,0.0,15
RK9,UNIVERSITY HOSPITALS PLYMOUTH NHS TRUST,SOUTH WEST COMMISSIONING REGION,ACUTE - TEACHING,A8N8J,PENINSULA COLLEGE OF MEDICINE,PL6 8BU,NHS DEVON ICB,PLYMOUTH CITY COUNCIL,Non inpatient,9981,16.49,0,0.0,0,0.0,0,0,0,0,50.417212,-4.110159,16.49,0.0,16.49,15
RK9,UNIVERSITY HOSPITALS PLYMOUTH NHS TRUST,SOUTH WEST COMMISSIONING REGION,ACUTE - TEACHING,C7C1D,BIRCHAM HOUSE,PL6 5WR,NHS DEVON ICB,PLYMOUTH CITY COUNCIL,Non inpatient,Not Applicable,0.0,Not Applicable,0.0,0,0.0,Not Applicable,Not Applicable,Not Applicable,Not Applicable,50.41139,-4.121161,0.0,0.0,0.0,15
RK9,UNIVERSITY HOSPITALS PLYMOUTH NHS TRUST,SOUTH WEST COMMISSIONING REGION,ACUTE - TEACHING,H5R4Z,PENINSULA RADIOLOGY,PL6 5WR,NHS DEVON ICB,PLYMOUTH CITY COUNCIL,Non inpatient,1433,0.72,0,0.0,38,0.12,0,0,0,0,50.41139,-4.121161,0.72,0.12,0.84,15
RK9,UNIVERSITY HOSPITALS PLYMOUTH NHS TRUST,SOUTH WEST COMMISSIONING REGION,ACUTE - TEACHING,L0N3Y,UHP WAREHOUSE,PL6 7EZ,NHS DEVON ICB,DEVON COUNTY COUNCIL,Non inpatient,Not Applicable,0.0,Not Applicable,0.0,0,0.0,Not Applicable,Not Applicable,Not Applicable,Not Applicable,50.44613,-4.119488,0.0,0.0,0.0,-1
RK9,UNIVERSITY HOSPITALS PLYMOUTH NHS TRUST,SOUTH WEST COMMISSIONING REGION,ACUTE - TEACHING,M2H2H,NU BUILDING,PL6 5YE,NHS DEVON ICB,PLYMOUTH CITY COUNCIL,Non inpatient,0,0.0,0,0.0,63,0.12,0,0,0,0,50.416671,-4.121115,0.0,0.12,0.12,15
RK9,UNIVERSITY HOSPITALS PLYMOUTH NHS TRUST,SOUTH WEST COMMISSIONING REGION,ACUTE - TEACHING,P2G6V,RIVERFORD HOUSE,PL6 7PL,NHS DEVON ICB,PLYMOUTH CITY COUNCIL,Non inpatient,354,0.12,0,0.0,6,0.02,0,0,0,0,50.421952,-4.087745,0.12,0.02,0.13999999999999999,16
RK9,UNIVERSITY HOSPITALS PLYMOUTH NHS TRUST,SOUTH WEST COMMISSIONING REGION,ACUTE - TEACHING,RK901,MOUNT GOULD HOSPITAL,PL4 7QD,NHS DEVON ICB,PLYMOUTH CITY COUNCIL,Community hospital (with inpatient beds),12794,12.94,0,0.0,685,2.17,0,0,0,0,50.37838,-4.112782,12.94,2.17,15.11,-1
RK9,UNIVERSITY HOSPITALS PLYMOUTH NHS TRUST,SOUTH WEST COMMISSIONING REGION,ACUTE - TEACHING,RK906,"CUMBERLAND CENTRE, DAMEREL CLOSE",PL1 4JZ,NHS DEVON ICB,PLYMOUTH CITY COUNCIL,Non inpatient,Not Applicable,0.0,Not Applicable,0.0,Not Applicable,0.0,Not Applicable,Not Applicable,Not Applicable,Not Applicable,50.369991,-4.167875,0.0,0.0,0.0,-1
RK9,UNIVERSITY HOSPITALS PLYMOUTH NHS TRUST,SOUTH WEST COMMISSIONING REGION,ACUTE - TEACHING,RK922,TAVISTOCK HOSPITAL,PL19 8LD,NHS DEVON ICB,DEVON COUNTY COUNCIL,Community hospital (with inpatient beds),8311,11.95,0,0.0,632,2.01,0,0,0,0,50.547167,-4.153604,11.95,2.01,13.959999999999999,-1
RK9,UNIVERSITY HOSPITALS PLYMOUTH NHS TRUST,SOUTH WEST COMMISSIONING REGION,ACUTE - TEACHING,RK925,SCOTT HOSPITAL,PL2 2PQ,NHS DEVON ICB,PLYMOUTH CITY COUNCIL,Non inpatient,1332,0.49,0,0.0,26,0.08,0,0,0,0,50.390636,-4.161922,0.49,0.08,0.57,-1
RK9,UNIVERSITY HOSPITALS PLYMOUTH NHS TRUST,SOUTH WEST COMMISSIONING REGION,ACUTE - TEACHING,RK935,SOUTH HAMS HOSPITAL,TQ7 1AT,NHS DEVON ICB,DEVON COUNTY COUNCIL,Community hospital (with inpatient beds),5376,8.42,0,0.0,445,1.42,0,0,0,0,50.28869,-3.778849,8.42,1.42,9.84,-1
RK9,UNIVERSITY HOSPITALS PLYMOUTH NHS TRUST,SOUTH WEST COMMISSIONING REGION,ACUTE - TEACHING,RK950,DERRIFORD HOSPITAL,PL6 8DH,NHS DEVON ICB,PLYMOUTH CITY COUNCIL,Specialist hospital (acute only),634799,1225.28,0,0.0,64382,203.69,0,0,0,0,50.416707,-4.113712,1225.28,203.69,1428.97,15
RK9,UNIVERSITY HOSPITALS PLYMOUTH NHS TRUST,SOUTH WEST COMMISSIONING REGION,ACUTE - TEACHING,RK959,MOUNT GOULD LOCAL CARE CENTRE,PL4 7PY,NHS DEVON ICB,PLYMOUTH CITY COUNCIL,Community hospital (with inpatient beds),26817,34.86,0,0.0,1844,5.86,0,0,0,0,50.378822,-4.116642,34.86,5.86,40.72,-1
RK9,UNIVERSITY HOSPITALS PLYMOUTH NHS TRUST,SOUTH WEST COMMISSIONING REGION,ACUTE - TEACHING,RK960,THE PLYMOUTH DIALYSIS UNIT,PL6 7FL,NHS DEVON ICB,PLYMOUTH CITY COUNCIL,Non inpatient,29874,32.54,0,0.0,1721,5.47,0,0,0,0,50.418836,-4.093915,32.54,5.47,38.01,16
RK9,UNIVERSITY HOSPITALS PLYMOUTH NHS TRUST,SOUTH WEST COMMISSIONING REGION,ACUTE - TEACHING,RK9ORS,OTHER REPORTABLE SITES,PL6 8DH,NHS DEVON ICB,PLYMOUTH CITY COUNCIL,Other Reportable Site,1208,0.7,0,0.0,37,0.12,0,0,0,0,50.416707,-4.113712,0.7,0.12,0.82,15
RK9,UNIVERSITY HOSPITALS PLYMOUTH NHS TRUST,SOUTH WEST COMMISSIONING REGION,ACUTE - TEACHING,T5Q9D,UNIVERSITY HOSPITALS PLYMOUTH ESTOVER,PL6 7LX,NHS DEVON ICB,PLYMOUTH CITY COUNCIL,Non inpatient,8920,1.92,0,0.0,102,0.32,0,0,0,0,50.420865,-4.094145,1.92,0.32,2.2399999999999998,16
RK9,UNIVERSITY HOSPITALS PLYMOUTH NHS TRUST,SOUTH WEST COMMISSIONING REGION,ACUTE - TEACHING,Z2K9J,DIGITAL AND INNOVATION,PL6 8BT,NHS DEVON ICB,PLYMOUTH CITY COUNCIL,Non inpatient,Not Applicable,0.0,Not Applicable,0.0,Not Applicable,0.0,Not Applicable,Not Applicable,Not Applicable,Not Applicable,50.415786,-4.108449,0.0,0.0,0.0,15
RK9,UNIVERSITY HOSPITALS PLYMOUTH NHS TRUST,SOUTH WEST COMMISSIONING REGION,ACUTE - TEACHING,Z3H9N,BRIDGE HOUSE,PL6 7PL,NHS DEVON ICB,PLYMOUTH CITY COUNCIL,Non inpatient,0,0.0,0,0.0,0,0.0,0,0,0,0,50.421952,-4.087745,0.0,0.0,0.0,16
RN3,GREAT WESTERN HOSPITALS NHS FOUNDATION TRUST,SOUTH WEST COMMISSIONING REGION,ACUTE - MEDIUM,RN325,GREAT WESTERN HOSPITAL,SN3 6BB,"NHS BATH AND NORTH EAST SOMERSET, SWINDON AND WILTSHIRE ICB",SWINDON BOROUGH COUNCIL,General acute hospital,53891,46.62,53660,114.0,83528,452.81,0,0,0,0,51.538529,-1.727188,46.62,566.81,613.43,3
RN3,GREAT WESTERN HOSPITALS NHS FOUNDATION TRUST,SOUTH WEST COMMISSIONING REGION,ACUTE - MEDIUM,RN339,WEST SWINDON HEALTH CENTRE,SN5 7DL,"NHS BATH AND NORTH EAST SOMERSET, SWINDON AND WILTSHIRE ICB",SWINDON BOROUGH COUNCIL,Non inpatient,Not Applicable,0.0,Not Applicable,0.0,Not Applicable,0.0,Not Applicable,Not Applicable,Not Applicable,Not Applicable,51.558468,-1.829544,0.0,0.0,0.0,3
RN3,GREAT WESTERN HOSPITALS NHS FOUNDATION TRUST,SOUTH WEST COMMISSIONING REGION,ACUTE - MEDIUM,RN3FJ,ELDENE HEALTH CENTRE,SN3 3RZ,"NHS BATH AND NORTH EAST SOMERSET, SWINDON AND WILTSHIRE ICB",SWINDON BOROUGH COUNCIL,Non inpatient,Not Applicable,0.0,Not Applicable,0.0,Not Applicable,0.0,Not Applicable,Not Applicable,Not Applicable,Not Applicable,51.554535,-1.735746,0.0,0.0,0.0,3
RN3,GREAT WESTERN HOSPITALS NHS FOUNDATION TRUST,SOUTH WEST COMMISSIONING REGION,ACUTE - MEDIUM,RN3G2,SWINDON INTERMEDIATE CARE CENTRE,SN3 6BW,"NHS BATH AND NORTH EAST SOMERSET, SWINDON AND WILTSHIRE ICB",SWINDON BOROUGH COUNCIL,Community hospital (with inpatient beds),14254,4.67,2665,3.81,9523,20.86,0,0,0,0,51.538805,-1.725917,4.67,24.669999999999998,29.339999999999996,3
RN3,GREAT WESTERN HOSPITALS NHS FOUNDATION TRUST,SOUTH WEST COMMISSIONING REGION,ACUTE - MEDIUM,RN3J5,WHALEBRIDGE NHS HEALTH CENTRE (SWINDON HEALTH CENTRE),SN1 2DQ,"NHS BATH AND NORTH EAST SOMERSET, SWINDON AND WILTSHIRE ICB",SWINDON BOROUGH COUNCIL,Non inpatient,Not Applicable,0.0,Not Applicable,0.0,Not Applicable,0.0,Not Applicable,Not Applicable,Not Applicable,Not Applicable,51.5623,-1.781591,0.0,0.0,0.0,3
RN3,GREAT WESTERN HOSPITALS NHS FOUNDATION TRUST,SOUTH WEST COMMISSIONING REGION,ACUTE - MEDIUM,RN3J8,ORBITAL,SN25 4AN,"NHS BATH AND NORTH EAST SOMERSET, SWINDON AND WILTSHIRE ICB",SWINDON BOROUGH COUNCIL,Non inpatient,3537,1.53,0,0.0,0,0.0,0,0,0,0,51.597124,-1.807352,1.53,0.0,1.53,3
RN3,GREAT WESTERN HOSPITALS NHS FOUNDATION TRUST,SOUTH WEST COMMISSIONING REGION,ACUTE - MEDIUM,RN3ORS,OTHER REPORTABLE SITES,SN3 6BB,"NHS BATH AND NORTH EAST SOMERSET, SWINDON AND WILTSHIRE ICB",SWINDON BOROUGH COUNCIL,Other Reportable Site,0,0.0,0,0.0,0,0.0,0,0,0,0,51.538529,-1.727188,0.0,0.0,0.0,3
RNU,OXFORD HEALTH NHS FOUNDATION TRUST,SOUTH EAST COMMISSIONING REGION,MENTAL HEALTH AND LEARNING DISABILITY,RNUAM,SAVERNAKE HOSPITAL,SN8 3HL,"NHS BATH AND NORTH EAST SOMERSET, SWINDON AND WILTSHIRE ICB",WILTSHIRE COUNCIL,Community hospital (with inpatient beds),Not Applicable,0.0,Not Applicable,0.0,Not Applicable,0.0,Not Applicable,Not Applicable,Not Applicable,Not Applicable,51.415406,-1.704914,0.0,0.0,0.0,3
RNZ,SALISBURY NHS FOUNDATION TRUST,SOUTH WEST COMMISSIONING REGION,ACUTE - SMALL,RNZ02,SALISBURY DISTRICT HOSPITAL,SP2 8BJ,"NHS BATH AND NORTH EAST SOMERSET, SWINDON AND WILTSHIRE ICB",WILTSHIRE COUNCIL,General acute hospital,149499,73.78,125308,229.97,130320,268.32,0,0,0,0,51.04394,-1.789814,73.78,498.28999999999996,572.0699999999999,-1
RTE,GLOUCESTERSHIRE HOSPITALS NHS FOUNDATION TRUST,SOUTH WEST COMMISSIONING REGION,ACUTE - LARGE,F7F9Z,GLOUCESTERSHIRE QUAYSIDE CDC,GL1 2TZ,NHS GLOUCESTERSHIRE ICB,GLOUCESTERSHIRE COUNTY COUNCIL,Non inpatient,472,0.12,3713,2.93,58,0.05,0,0,0,0,51.866202,-2.251588,0.12,2.98,3.1,14
RTE,GLOUCESTERSHIRE HOSPITALS NHS FOUNDATION TRUST,SOUTH WEST COMMISSIONING REGION,ACUTE - LARGE,G4V1K,RIVERSIDE HOUSE,GL53 7QB,NHS GLOUCESTERSHIRE ICB,GLOUCESTERSHIRE COUNTY COUNCIL,Non inpatient,Not Applicable,0.0,Not Applicable,0.0,0,0.0,Not Applicable,Not Applicable,Not Applicable,Not Applicable,51.892256,-2.067618,0.0,0.0,0.0,10
RTE,GLOUCESTERSHIRE HOSPITALS NHS FOUNDATION TRUST,SOUTH WEST COMMISSIONING REGION,ACUTE - LARGE,I2I6L,COLLEGE BATHS,GL53 7QB,NHS GLOUCESTERSHIRE ICB,GLOUCESTERSHIRE COUNTY COUNCIL,Non inpatient,Not Applicable,0.0,Not Applicable,0.0,0,0.0,Not Applicable,Not Applicable,Not Applicable,Not Applicable,51.892256,-2.067618,0.0,0.0,0.0,10
RTE,GLOUCESTERSHIRE HOSPITALS NHS FOUNDATION TRUST,SOUTH WEST COMMISSIONING REGION,ACUTE - LARGE,J0A2D,ASPEN MEDICAL CENTRE,GL1 3PX,NHS GLOUCESTERSHIRE ICB,GLOUCESTERSHIRE COUNTY COUNCIL,Non inpatient,854,1.02,1620,2.88,0,0.0,0,0,0,0,51.865641,-2.226895,1.02,2.88,3.9,13
RTE,GLOUCESTERSHIRE HOSPITALS NHS FOUNDATION TRUST,SOUTH WEST COMMISSIONING REGION,ACUTE - LARGE,Q6Y5P,THE WAREHOUSE,GL1 3PZ,NHS GLOUCESTERSHIRE ICB,GLOUCESTERSHIRE COUNTY COUNCIL,Non inpatient,0,0.0,0,0.0,0,0.0,0,0,0,0,51.864229,-2.231536,0.0,0.0,0.0,13
RTE,GLOUCESTERSHIRE HOSPITALS NHS FOUNDATION TRUST,SOUTH WEST COMMISSIONING REGION,ACUTE - LARGE,RTE01,CHELTENHAM GENERAL HOSPITAL,GL53 7AN,NHS GLOUCESTERSHIRE ICB,GLOUCESTERSHIRE COUNTY COUNCIL,General acute hospital,57990,70.48,77714,144.52,25407,81.85,0,0,0,0,51.892128,-2.071875,70.48,226.37,296.85,10
RTE,GLOUCESTERSHIRE HOSPITALS NHS FOUNDATION TRUST,SOUTH WEST COMMISSIONING REGION,ACUTE - LARGE,RTE03,GLOUCESTER ROYAL HOSPITAL,GL1 3NN,NHS GLOUCESTERSHIRE ICB,GLOUCESTERSHIRE COUNTY COUNCIL,General acute hospital,141105,167.73,267774,475.31,44236,131.61,0,0,0,0,51.866386,-2.232069,167.73,606.9200000000001,774.6500000000001,13
RTE,GLOUCESTERSHIRE HOSPITALS NHS FOUNDATION TRUST,SOUTH WEST COMMISSIONING REGION,ACUTE - LARGE,RTE07,"VICTORIA WAREHOUSE, GLOUCESTER",GL1 2EL,NHS GLOUCESTERSHIRE ICB,GLOUCESTERSHIRE COUNTY COUNCIL,Non inpatient,Not Applicable,0.0,Not Applicable,0.0,0,0.0,Not Applicable,Not Applicable,Not Applicable,Not Applicable,51.863587,-2.250876,0.0,0.0,0.0,14
RTE,GLOUCESTERSHIRE HOSPITALS NHS FOUNDATION TRUST,SOUTH WEST COMMISSIONING REGION,ACUTE - LARGE,RTE23,CIRENCESTER HOSPITAL,GL7 1UY,NHS GLOUCESTERSHIRE ICB,GLOUCESTERSHIRE COUNTY COUNCIL,Non inpatient,Not Applicable,0.0,Not Applicable,0.0,Not Applicable,0.0,Not Applicable,Not Applicable,Not Applicable,Not Applicable,51.712109,-1.975629,0.0,0.0,0.0,3
RTE,GLOUCESTERSHIRE HOSPITALS NHS FOUNDATION TRUST,SOUTH WEST COMMISSIONING REGION,ACUTE - LARGE,RTE27,STROUD MATERNITY HOSPITAL,GL5 2JB,NHS GLOUCESTERSHIRE ICB,GLOUCESTERSHIRE COUNTY COUNCIL,Specialist hospital (acute only),633,0.51,1056,0.41,479,0.41,0,0,0,0,51.742298,-2.208853,0.51,0.82,1.33,4
RTE,GLOUCESTERSHIRE HOSPITALS NHS FOUNDATION TRUST,SOUTH WEST COMMISSIONING REGION,ACUTE - LARGE,RTE57,THIRLESTAINE BREAST CENTRE,GL53 7AS,NHS GLOUCESTERSHIRE ICB,GLOUCESTERSHIRE COUNTY COUNCIL,Non inpatient,1083,0.39,5674,4.27,0,0.0,0,0,0,0,51.888479,-2.069864,0.39,4.27,4.659999999999999,10
RTE,GLOUCESTERSHIRE HOSPITALS NHS FOUNDATION TRUST,SOUTH WEST COMMISSIONING REGION,ACUTE - LARGE,RTE83,HEREFORD COUNTY HOSPITAL,HR1 2ER,NHS GLOUCESTERSHIRE ICB,HEREFORDSHIRE COUNCIL,Non inpatient,Not Applicable,0.0,Not Applicable,0.0,Not Applicable,0.0,Not Applicable,Not Applicable,Not Applicable,Not Applicable,52.058529,-2.707776,0.0,0.0,0.0,-1
RTE,GLOUCESTERSHIRE HOSPITALS NHS FOUNDATION TRUST,SOUTH WEST COMMISSIONING REGION,ACUTE - LARGE,RTE93,CINDERFORD DIALYSIS UNIT ,GL14 3JE,NHS GLOUCESTERSHIRE ICB,GLOUCESTERSHIRE COUNTY COUNCIL,Non inpatient,561,0.66,3667,6.26,0,0.0,0,0,0,0,51.836843,-2.512554,0.66,6.26,6.92,-1
RTE,GLOUCESTERSHIRE HOSPITALS NHS FOUNDATION TRUST,SOUTH WEST COMMISSIONING REGION,ACUTE - LARGE,RTEORS,OTHER REPORTABLE SITES,GL53 7AG,NHS GLOUCESTERSHIRE ICB,GLOUCESTERSHIRE COUNTY COUNCIL,Other Reportable Site,0,0.0,0,0.0,899,1.48,0,0,0,0,51.89105,-2.070522,0.0,1.48,1.48,10
RTE,GLOUCESTERSHIRE HOSPITALS NHS FOUNDATION TRUST,SOUTH WEST COMMISSIONING REGION,ACUTE - LARGE,Z9N4I,SANDFORD EDUCATION CENTRE,GL53 7PX,NHS GLOUCESTERSHIRE ICB,GLOUCESTERSHIRE COUNTY COUNCIL,Non inpatient,0,0.0,0,0.0,0,0.0,0,0,0,0,51.89239,-2.069405,0.0,0.0,0.0,10
RTQ,GLOUCESTERSHIRE HEALTH AND CARE NHS FOUNDATION TRUST,SOUTH WEST COMMISSIONING REGION,MENTAL HEALTH AND LEARNING DISABILITY,RTQ01,CHARLTON LANE,GL53 9DZ,NHS GLOUCESTERSHIRE ICB,GLOUCESTERSHIRE COUNTY COUNCIL,Mental Health and Learning Disabilities,2878,0.7,286,0.14,5959,9.15,0,0,0,0,51.881059,-2.073674,0.7,9.290000000000001,9.99,10
RTQ,GLOUCESTERSHIRE HEALTH AND CARE NHS FOUNDATION TRUST,SOUTH WEST COMMISSIONING REGION,MENTAL HEALTH AND LEARNING DISABILITY,RTQ02,WOTTON LAWN,GL1 3PX,NHS GLOUCESTERSHIRE ICB,GLOUCESTERSHIRE COUNTY COUNCIL,Mental Health (including Specialist services),9729,1.4,1171,0.38,11617,4.21,0,0,0,0,51.865641,-2.226895,1.4,4.59,5.99,13
RTQ,GLOUCESTERSHIRE HEALTH AND CARE NHS FOUNDATION TRUST,SOUTH WEST COMMISSIONING REGION,MENTAL HEALTH AND LEARNING DISABILITY,RTQ03,GLOUCESTERSHIRE ROYAL HOSPITAL,GL1 3NN,NHS GLOUCESTERSHIRE ICB,GLOUCESTERSHIRE COUNTY COUNCIL,Non inpatient,0,0.0,0,0.0,0,0.0,0,0,0,0,51.866386,-2.232069,0.0,0.0,0.0,13
RTQ,GLOUCESTERSHIRE HEALTH AND CARE NHS FOUNDATION TRUST,SOUTH WEST COMMISSIONING REGION,MENTAL HEALTH AND LEARNING DISABILITY,RTQ04,STROUD GENERAL HOSPITAL,GL5 2HY,NHS GLOUCESTERSHIRE ICB,GLOUCESTERSHIRE COUNTY COUNCIL,Community hospital (with inpatient beds),10487,12.57,14648,9.7,18334,17.69,0,0,0,0,51.743027,-2.208132,12.57,27.39,39.96,4
RTQ,GLOUCESTERSHIRE HEALTH AND CARE NHS FOUNDATION TRUST,SOUTH WEST COMMISSIONING REGION,MENTAL HEALTH AND LEARNING DISABILITY,RTQ07,"AVON HOUSE, TEWKESBURY",GL20 5SJ,NHS GLOUCESTERSHIRE ICB,GLOUCESTERSHIRE COUNTY COUNCIL,Non inpatient,739,0.02,0,0.0,0,0.0,0,0,0,0,51.991786,-2.160028,0.02,0.0,0.02,-1
RTQ,GLOUCESTERSHIRE HEALTH AND CARE NHS FOUNDATION TRUST,SOUTH WEST COMMISSIONING REGION,MENTAL HEALTH AND LEARNING DISABILITY,RTQ0A,PULLMAN PLACE,GL1 3NF,NHS GLOUCESTERSHIRE ICB,GLOUCESTERSHIRE COUNTY COUNCIL,Non inpatient,2749,0.21,195,0.03,854,0.12,0,0,0,0,51.866796,-2.238317,0.21,0.15,0.36,13
RTQ,GLOUCESTERSHIRE HEALTH AND CARE NHS FOUNDATION TRUST,SOUTH WEST COMMISSIONING REGION,MENTAL HEALTH AND LEARNING DISABILITY,RTQ13,"HONEYBOURNE, CHELTENHAM",GL51 9EZ,NHS GLOUCESTERSHIRE ICB,GLOUCESTERSHIRE COUNTY COUNCIL,Mental Health and Learning Disabilities,882,0.14,0,0.0,872,0.14,0,0,0,0,51.907063,-2.082947,0.14,0.14,0.28,10
RTQ,GLOUCESTERSHIRE HEALTH AND CARE NHS FOUNDATION TRUST,SOUTH WEST COMMISSIONING REGION,MENTAL HEALTH AND LEARNING DISABILITY,RTQ16,FAIRFORD HOSPITAL,GL7 4BB,NHS GLOUCESTERSHIRE ICB,GLOUCESTERSHIRE COUNTY COUNCIL,Non inpatient,1490,0.11,0,0.0,849,0.12,0,0,0,0,51.708117,-1.778169,0.11,0.12,0.22999999999999998,3
RTQ,GLOUCESTERSHIRE HEALTH AND CARE NHS FOUNDATION TRUST,SOUTH WEST COMMISSIONING REGION,MENTAL HEALTH AND LEARNING DISABILITY,RTQ21,CIRENCESTER HOSPITAL,GL7 1UY,NHS GLOUCESTERSHIRE ICB,GLOUCESTERSHIRE COUNTY COUNCIL,Community hospital (with inpatient beds),9656,9.94,11922,8.15,22861,23.32,0,0,0,0,51.712109,-1.975629,9.94,31.47,41.41,3
RTQ,GLOUCESTERSHIRE HEALTH AND CARE NHS FOUNDATION TRUST,SOUTH WEST COMMISSIONING REGION,MENTAL HEALTH AND LEARNING DISABILITY,RTQ25,CIRENCESTER MEMORIAL CENTRE,GL7 1RQ,NHS GLOUCESTERSHIRE ICB,GLOUCESTERSHIRE COUNTY COUNCIL,Non inpatient,355,0.07,184,0.05,388,0.01,0,0,0,0,51.715021,-1.971516,0.07,0.060000000000000005,0.13,3
RTQ,GLOUCESTERSHIRE HEALTH AND CARE NHS FOUNDATION TRUST,SOUTH WEST COMMISSIONING REGION,MENTAL HEALTH AND LEARNING DISABILITY,RTQ29,NORTH COTSWOLD HOSPITAL,GL56 0DS,NHS GLOUCESTERSHIRE ICB,GLOUCESTERSHIRE COUNTY COUNCIL,Community hospital (with inpatient beds),1562,2.79,3230,1.5,7676,7.15,0,0,0,0,51.983564,-1.705946,2.79,8.65,11.440000000000001,-1
RTQ,GLOUCESTERSHIRE HEALTH AND CARE NHS FOUNDATION TRUST,SOUTH WEST COMMISSIONING REGION,MENTAL HEALTH AND LEARNING DISABILITY,RTQ31,COLLIERS COURT,GL14 2QA,NHS GLOUCESTERSHIRE ICB,GLOUCESTERSHIRE COUNTY COUNCIL,Non inpatient,839,0.06,207,0.04,513,0.05,0,0,0,0,51.825753,-2.490344,0.06,0.09,0.15,-1
RTQ,GLOUCESTERSHIRE HEALTH AND CARE NHS FOUNDATION TRUST,SOUTH WEST COMMISSIONING REGION,MENTAL HEALTH AND LEARNING DISABILITY,RTQ33,WEAVERS CROFT,GL5 2HZ,NHS GLOUCESTERSHIRE ICB,GLOUCESTERSHIRE COUNTY COUNCIL,Non inpatient,4976,0.22,77,0.07,700,0.04,0,0,0,0,51.742718,-2.209883,0.22,0.11000000000000001,0.33,4
RTQ,GLOUCESTERSHIRE HEALTH AND CARE NHS FOUNDATION TRUST,SOUTH WEST COMMISSIONING REGION,MENTAL HEALTH AND LEARNING DISABILITY,RTQ42,VALE COMMUNITY HOSPITAL,GL11 4BA,NHS GLOUCESTERSHIRE ICB,GLOUCESTERSHIRE COUNTY COUNCIL,Community hospital (with inpatient beds),727,2.5,2899,2.16,8579,8.26,0,0,0,0,51.688047,-2.353364,2.5,10.42,12.92,4
RTQ,GLOUCESTERSHIRE HEALTH AND CARE NHS FOUNDATION TRUST,SOUTH WEST COMMISSIONING REGION,MENTAL HEALTH AND LEARNING DISABILITY,RTQ44,EDWARD JENNER COURT,GL3 4AW,NHS GLOUCESTERSHIRE ICB,GLOUCESTERSHIRE COUNTY COUNCIL,Non inpatient,13472,1.17,268,0.08,449,0.13,0,0,0,0,51.844174,-2.177447,1.17,0.21000000000000002,1.38,-1
RTQ,GLOUCESTERSHIRE HEALTH AND CARE NHS FOUNDATION TRUST,SOUTH WEST COMMISSIONING REGION,MENTAL HEALTH AND LEARNING DISABILITY,RTQ50,"ACORN HOUSE, GLOUCESTER",GL1 3PX,NHS GLOUCESTERSHIRE ICB,GLOUCESTERSHIRE COUNTY COUNCIL,Non inpatient,0,0.0,0,0.0,350,0.1,0,0,0,0,51.865641,-2.226895,0.0,0.1,0.1,13
RTQ,GLOUCESTERSHIRE HEALTH AND CARE NHS FOUNDATION TRUST,SOUTH WEST COMMISSIONING REGION,MENTAL HEALTH AND LEARNING DISABILITY,RTQ54,BERKELEY HOUSE (FORMERLY HOLLYBROOK),GL5 4SA,NHS GLOUCESTERSHIRE ICB,GLOUCESTERSHIRE COUNTY COUNCIL,Learning Disabilities,2025,0.06,59,0.03,4932,1.33,0,0,0,0,51.746403,-2.247676,0.06,1.36,1.4200000000000002,4
RTQ,GLOUCESTERSHIRE HEALTH AND CARE NHS FOUNDATION TRUST,SOUTH WEST COMMISSIONING REGION,MENTAL HEALTH AND LEARNING DISABILITY,RTQ72,BROWNHILL CLINIC,GL50 4BW,NHS GLOUCESTERSHIRE ICB,GLOUCESTERSHIRE COUNTY COUNCIL,Non inpatient,0,0.0,0,0.0,350,0.1,0,0,0,0,51.906714,-2.081493,0.0,0.1,0.1,10
RTQ,GLOUCESTERSHIRE HEALTH AND CARE NHS FOUNDATION TRUST,SOUTH WEST COMMISSIONING REGION,MENTAL HEALTH AND LEARNING DISABILITY,RTQ75,PARK HOUSE DAY CENTRE,GL5 2JG,NHS GLOUCESTERSHIRE ICB,GLOUCESTERSHIRE COUNTY COUNCIL,Non inpatient,0,0.0,0,0.0,350,0.1,0,0,0,0,51.739532,-2.206725,0.0,0.1,0.1,4
RTQ,GLOUCESTERSHIRE HEALTH AND CARE NHS FOUNDATION TRUST,SOUTH WEST COMMISSIONING REGION,MENTAL HEALTH AND LEARNING DISABILITY,RTQ87,TEWKESBURY GENERAL HOSPITAL,GL20 5QN,NHS GLOUCESTERSHIRE ICB,GLOUCESTERSHIRE COUNTY COUNCIL,Community hospital (with inpatient beds),14948,3.08,4115,2.19,8137,6.69,0,0,0,0,51.992156,-2.152471,3.08,8.88,11.96,-1
RTQ,GLOUCESTERSHIRE HEALTH AND CARE NHS FOUNDATION TRUST,SOUTH WEST COMMISSIONING REGION,MENTAL HEALTH AND LEARNING DISABILITY,RTQ99,THE RIKENEL,GL1 1LY,NHS GLOUCESTERSHIRE ICB,GLOUCESTERSHIRE COUNTY COUNCIL,Non inpatient,3382,0.16,37,0.01,3455,0.76,0,0,0,0,51.860426,-2.244687,0.16,0.77,0.93,14
RTQ,GLOUCESTERSHIRE HEALTH AND CARE NHS FOUNDATION TRUST,SOUTH WEST COMMISSIONING REGION,MENTAL HEALTH AND LEARNING DISABILITY,RTQAD,INDEPENDENT LIVING CENTRE,GL51 0BY,NHS GLOUCESTERSHIRE ICB,GLOUCESTERSHIRE COUNTY COUNCIL,Non inpatient,10753,1.52,3325,0.81,355,0.1,0,0,0,0,51.91492,-2.106907,1.52,0.91,2.43,10
RTQ,GLOUCESTERSHIRE HEALTH AND CARE NHS FOUNDATION TRUST,SOUTH WEST COMMISSIONING REGION,MENTAL HEALTH AND LEARNING DISABILITY,RTQB2,GEORGE MOORE COMMUNITY CLINIC,GL54 2AZ,NHS GLOUCESTERSHIRE ICB,GLOUCESTERSHIRE COUNTY COUNCIL,Non inpatient,1355,0.48,1171,0.43,105,0.05,0,0,0,0,51.886317,-1.75678,0.48,0.48,0.96,-1
RTQ,GLOUCESTERSHIRE HEALTH AND CARE NHS FOUNDATION TRUST,SOUTH WEST COMMISSIONING REGION,MENTAL HEALTH AND LEARNING DISABILITY,RTQBA,SOUTHGATE MOORINGS,GL1 2DB,NHS GLOUCESTERSHIRE ICB,GLOUCESTERSHIRE COUNTY COUNCIL,Non inpatient,3408,1.61,4677,1.39,0,0.0,0,0,0,0,51.862997,-2.24929,1.61,1.39,3.0,14
RTQ,GLOUCESTERSHIRE HEALTH AND CARE NHS FOUNDATION TRUST,SOUTH WEST COMMISSIONING REGION,MENTAL HEALTH AND LEARNING DISABILITY,RTQDK,INVISTA,GL3 4HP,NHS GLOUCESTERSHIRE ICB,GLOUCESTERSHIRE COUNTY COUNCIL,Non inpatient,0,0.0,0,0.0,0,0.0,0,0,0,0,51.84574,-2.164258,0.0,0.0,0.0,-1
RTQ,GLOUCESTERSHIRE HEALTH AND CARE NHS FOUNDATION TRUST,SOUTH WEST COMMISSIONING REGION,MENTAL HEALTH AND LEARNING DISABILITY,RTQORS,OTHER REPORTABLE SITES,GL1 1LY,NHS GLOUCESTERSHIRE ICB,GLOUCESTERSHIRE COUNTY COUNCIL,Other Reportable Site,8269,0.27,7626,2.4,50378,5.03,0,0,0,0,51.860426,-2.244687,0.27,7.43,7.699999999999999,14
RTQ,GLOUCESTERSHIRE HEALTH AND CARE NHS FOUNDATION TRUST,SOUTH WEST COMMISSIONING REGION,MENTAL HEALTH AND LEARNING DISABILITY,Y4W1S,FOREST OF DEAN COMMUNITY HOSPITAL,GL14 3HY,NHS GLOUCESTERSHIRE ICB,GLOUCESTERSHIRE COUNTY COUNCIL,Community hospital (with inpatient beds),3355,2.67,3281,2.08,8569,9.6,0,0,0,0,51.832843,-2.508315,2.67,11.68,14.35,-1
RTQ,GLOUCESTERSHIRE HEALTH AND CARE NHS FOUNDATION TRUST,SOUTH WEST COMMISSIONING REGION,MENTAL HEALTH AND LEARNING DISABILITY,Y9H5T,FIVE VALLEYS,GL5 3BS,NHS GLOUCESTERSHIRE ICB,GLOUCESTERSHIRE COUNTY COUNCIL,Non inpatient,503,0.11,367,0.1,405,0.2,0,0,0,0,51.745679,-2.218457,0.11,0.30000000000000004,0.41000000000000003,4
RVJ,NORTH BRISTOL NHS TRUST,SOUTH WEST COMMISSIONING REGION,ACUTE - LARGE,I0J7G,BRISTOL CENTRE FOR ENABLEMENT,BS34 5BW,"NHS BRISTOL, NORTH SOMERSET AND SOUTH GLOUCESTERSHIRE ICB",SOUTH GLOUCESTERSHIRE COUNCIL,Other inpatient,451,0.84,0,0.0,374,0.98,0,0,0,0,51.527544,-2.59108,0.84,0.98,1.8199999999999998,6
RVJ,NORTH BRISTOL NHS TRUST,SOUTH WEST COMMISSIONING REGION,ACUTE - LARGE,RVJ01,SOUTHMEAD HOSPITAL,BS10 5NB,"NHS BRISTOL, NORTH SOMERSET AND SOUTH GLOUCESTERSHIRE ICB",BRISTOL CITY COUNCIL,General acute hospital,383064,485.75,69552,89.09,273952,696.81,0,0,0,0,51.494806,-2.591016,485.75,785.9,1271.65,6
RVJ,NORTH BRISTOL NHS TRUST,SOUTH WEST COMMISSIONING REGION,ACUTE - LARGE,RVJ06,SOUTH BRISTOL RENAL UNIT,BS4 1WH,"NHS BRISTOL, NORTH SOMERSET AND SOUTH GLOUCESTERSHIRE ICB",BRISTOL CITY COUNCIL,Non inpatient,19148,18.43,0,0.0,0,0.0,0,0,0,0,51.428745,-2.596291,18.43,0.0,18.43,6
RVJ,NORTH BRISTOL NHS TRUST,SOUTH WEST COMMISSIONING REGION,ACUTE - LARGE,RVJ20,FRENCHAY HOSPITAL,BS16 1LE,"NHS BRISTOL, NORTH SOMERSET AND SOUTH GLOUCESTERSHIRE ICB",SOUTH GLOUCESTERSHIRE COUNCIL,Non inpatient,0,0.0,0,0.0,85,0.01,0,0,0,0,51.496597,-2.528419,0.0,0.01,0.01,6
RVJ,NORTH BRISTOL NHS TRUST,SOUTH WEST COMMISSIONING REGION,ACUTE - LARGE,RVJ21,COSSHAM HOSPITAL,BS15 1LF,"NHS BRISTOL, NORTH SOMERSET AND SOUTH GLOUCESTERSHIRE ICB",BRISTOL CITY COUNCIL,Mixed service hospital,14505,19.98,4458,2.34,1541,4.04,0,0,0,0,51.468886,-2.516121,19.98,6.38,26.36,6
RVN,AVON AND WILTSHIRE MENTAL HEALTH PARTNERSHIP NHS TRUST,SOUTH WEST COMMISSIONING REGION,MENTAL HEALTH AND LEARNING DISABILITY,RVN2A,HILLVIEW,BA1 3QE,"NHS BRISTOL, NORTH SOMERSET AND SOUTH GLOUCESTERSHIRE ICB",BATH AND NORTH EAST SOMERSET COUNCIL,Mental Health (including Specialist services),339,0.09,4590,0.76,9990,2.4,0,0,0,0,51.388601,-2.392311,0.09,3.16,3.25,7
RVN,AVON AND WILTSHIRE MENTAL HEALTH PARTNERSHIP NHS TRUST,SOUTH WEST COMMISSIONING REGION,MENTAL HEALTH AND LEARNING DISABILITY,RVN2E,BATH NHS HOUSE,BA1 3QE,"NHS BRISTOL, NORTH SOMERSET AND SOUTH GLOUCESTERSHIRE ICB",BATH AND NORTH EAST SOMERSET COUNCIL,Non inpatient,195,0.1,0,0.0,999,0.19,0,0,0,0,51.388601,-2.392311,0.1,0.19,0.29000000000000004,7
RVN,AVON AND WILTSHIRE MENTAL HEALTH PARTNERSHIP NHS TRUST,SOUTH WEST COMMISSIONING REGION,MENTAL HEALTH AND LEARNING DISABILITY,RVN3F,PETHERTON,BS14 9BP,"NHS BRISTOL, NORTH SOMERSET AND SOUTH GLOUCESTERSHIRE ICB",BRISTOL CITY COUNCIL,Non inpatient,361,0.14,2583,0.51,885,0.11,0,0,0,0,51.421786,-2.56325,0.14,0.62,0.76,6
RVN,AVON AND WILTSHIRE MENTAL HEALTH PARTNERSHIP NHS TRUST,SOUTH WEST COMMISSIONING REGION,MENTAL HEALTH AND LEARNING DISABILITY,RVN3L,"1 COLSTON FORT, MONTAGUE PLACE, BRISTOL",BS6 5UB,"NHS BRISTOL, NORTH SOMERSET AND SOUTH GLOUCESTERSHIRE ICB",BRISTOL CITY COUNCIL,Non inpatient,95,0.07,162,0.05,917,0.06,0,0,0,0,51.461383,-2.598285,0.07,0.11,0.18,6
RVN,AVON AND WILTSHIRE MENTAL HEALTH PARTNERSHIP NHS TRUST,SOUTH WEST COMMISSIONING REGION,MENTAL HEALTH AND LEARNING DISABILITY,RVN3N,SOUTHMEAD,BS10 5NB,"NHS BRISTOL, NORTH SOMERSET AND SOUTH GLOUCESTERSHIRE ICB",BRISTOL CITY COUNCIL,Mental Health (including Specialist services),1196,0.55,1939,0.44,5667,2.27,0,0,0,0,51.494806,-2.591016,0.55,2.71,3.26,6
RVN,AVON AND WILTSHIRE MENTAL HEALTH PARTNERSHIP NHS TRUST,SOUTH WEST COMMISSIONING REGION,MENTAL HEALTH AND LEARNING DISABILITY,RVN3Q,BLACKBERRY HILL,BS16 2EW,"NHS BRISTOL, NORTH SOMERSET AND SOUTH GLOUCESTERSHIRE ICB",BRISTOL CITY COUNCIL,Mental Health and Learning Disabilities,4117,0.33,47,0.02,18319,4.26,0,0,0,0,51.483143,-2.538834,0.33,4.279999999999999,4.609999999999999,6
RVN,AVON AND WILTSHIRE MENTAL HEALTH PARTNERSHIP NHS TRUST,SOUTH WEST COMMISSIONING REGION,MENTAL HEALTH AND LEARNING DISABILITY,RVN4B,LONG FOX,BS23 4TQ,"NHS BRISTOL, NORTH SOMERSET AND SOUTH GLOUCESTERSHIRE ICB",NORTH SOMERSET COUNCIL,Mental Health (including Specialist services),1088,0.13,2595,0.52,7038,4.32,0,0,0,0,51.322331,-2.971405,0.13,4.84,4.97,9
RVN,AVON AND WILTSHIRE MENTAL HEALTH PARTNERSHIP NHS TRUST,SOUTH WEST COMMISSIONING REGION,MENTAL HEALTH AND LEARNING DISABILITY,RVN4M,ELMHAM WAY,BS24 7AY,"NHS BRISTOL, NORTH SOMERSET AND SOUTH GLOUCESTERSHIRE ICB",NORTH SOMERSET COUNCIL,Mental Health (including Specialist services),142,0.01,132,0.01,270,0.15,0,0,0,0,51.352893,-2.913617,0.01,0.16,0.17,9
RVN,AVON AND WILTSHIRE MENTAL HEALTH PARTNERSHIP NHS TRUST,SOUTH WEST COMMISSIONING REGION,MENTAL HEALTH AND LEARNING DISABILITY,RVN4N,COAST RESOURCE CENTRE,BS24 7FY,"NHS BRISTOL, NORTH SOMERSET AND SOUTH GLOUCESTERSHIRE ICB",NORTH SOMERSET COUNCIL,Non inpatient,2215,0.18,0,0.0,511,0.28,0,0,0,0,51.356362,-2.911633,0.18,0.28,0.46,9
RVN,AVON AND WILTSHIRE MENTAL HEALTH PARTNERSHIP NHS TRUST,SOUTH WEST COMMISSIONING REGION,MENTAL HEALTH AND LEARNING DISABILITY,RVN4Q,WINDMILL HOUSE,BS21 6UJ,"NHS BRISTOL, NORTH SOMERSET AND SOUTH GLOUCESTERSHIRE ICB",NORTH SOMERSET COUNCIL,Non inpatient,16,0.06,0,0.0,2,0.01,0,0,0,0,51.42194,-2.849513,0.06,0.01,0.06999999999999999,9
RVN,AVON AND WILTSHIRE MENTAL HEALTH PARTNERSHIP NHS TRUST,SOUTH WEST COMMISSIONING REGION,MENTAL HEALTH AND LEARNING DISABILITY,RVN5J,WHITTUCKS ROAD,BS15 3HY,"NHS BRISTOL, NORTH SOMERSET AND SOUTH GLOUCESTERSHIRE ICB",SOUTH GLOUCESTERSHIRE COUNCIL,Mental Health (including Specialist services),198,0.01,0,0.0,705,0.38,0,0,0,0,51.443583,-2.512008,0.01,0.38,0.39,6
RVN,AVON AND WILTSHIRE MENTAL HEALTH PARTNERSHIP NHS TRUST,SOUTH WEST COMMISSIONING REGION,MENTAL HEALTH AND LEARNING DISABILITY,RVN6A,GREEN LANE,SN10 5DS,"NHS BRISTOL, NORTH SOMERSET AND SOUTH GLOUCESTERSHIRE ICB",WILTSHIRE COUNCIL,Mental Health and Learning Disabilities,598,0.22,4235,0.86,11105,2.66,0,0,0,0,51.339146,-1.981296,0.22,3.52,3.74,-1
RVN,AVON AND WILTSHIRE MENTAL HEALTH PARTNERSHIP NHS TRUST,SOUTH WEST COMMISSIONING REGION,MENTAL HEALTH AND LEARNING DISABILITY,RVN8A,SANDALWOOD COURT,SN3 4WF,"NHS BRISTOL, NORTH SOMERSET AND SOUTH GLOUCESTERSHIRE ICB",SWINDON BOROUGH COUNCIL,Mental Health (including Specialist services),255,0.08,1472,0.49,4653,0.68,0,0,0,0,51.588064,-1.747763,0.08,1.17,1.25,3
RVN,AVON AND WILTSHIRE MENTAL HEALTH PARTNERSHIP NHS TRUST,SOUTH WEST COMMISSIONING REGION,MENTAL HEALTH AND LEARNING DISABILITY,RVN9A,FOUNTAIN WAY,SP2 7EP,"NHS BRISTOL, NORTH SOMERSET AND SOUTH GLOUCESTERSHIRE ICB",WILTSHIRE COUNCIL,Mental Health (including Specialist services),2067,1.0,7914,2.0,16505,4.0,0,0,0,0,51.073371,-1.810376,1.0,6.0,7.0,-1
RVN,AVON AND WILTSHIRE MENTAL HEALTH PARTNERSHIP NHS TRUST,SOUTH WEST COMMISSIONING REGION,MENTAL HEALTH AND LEARNING DISABILITY,RVNCE,VICTORIA CENTRE,SN3 6BW,"NHS BRISTOL, NORTH SOMERSET AND SOUTH GLOUCESTERSHIRE ICB",SWINDON BOROUGH COUNCIL,Mental Health (including Specialist services),233,0.06,1931,0.34,8752,2.59,0,0,0,0,51.538805,-1.725917,0.06,2.9299999999999997,2.9899999999999998,3
RVN,AVON AND WILTSHIRE MENTAL HEALTH PARTNERSHIP NHS TRUST,SOUTH WEST COMMISSIONING REGION,MENTAL HEALTH AND LEARNING DISABILITY,RVNCM,CHATSWORTH HOUSE,SN1 4BA,"NHS BRISTOL, NORTH SOMERSET AND SOUTH GLOUCESTERSHIRE ICB",SWINDON BOROUGH COUNCIL,Non inpatient,559,0.23,0,0.0,986,0.18,0,0,0,0,51.552854,-1.779357,0.23,0.18,0.41000000000000003,3
RVN,AVON AND WILTSHIRE MENTAL HEALTH PARTNERSHIP NHS TRUST,SOUTH WEST COMMISSIONING REGION,MENTAL HEALTH AND LEARNING DISABILITY,RVNDF,RIVERSIDE BRISTOL,BS16 1EG,"NHS BRISTOL, NORTH SOMERSET AND SOUTH GLOUCESTERSHIRE ICB",BRISTOL CITY COUNCIL,Mental Health (including Specialist services),0,0.0,1620,0.26,570,0.07,0,0,0,0,51.484598,-2.537367,0.0,0.33,0.33,6
RVN,AVON AND WILTSHIRE MENTAL HEALTH PARTNERSHIP NHS TRUST,SOUTH WEST COMMISSIONING REGION,MENTAL HEALTH AND LEARNING DISABILITY,RVNEL,SPEEDWELL CENTRE,BS5 7TJ,"NHS BRISTOL, NORTH SOMERSET AND SOUTH GLOUCESTERSHIRE ICB",BRISTOL CITY COUNCIL,Non inpatient,457,0.15,0,0.0,458,0.08,0,0,0,0,51.469053,-2.534982,0.15,0.08,0.22999999999999998,6
RVN,AVON AND WILTSHIRE MENTAL HEALTH PARTNERSHIP NHS TRUST,SOUTH WEST COMMISSIONING REGION,MENTAL HEALTH AND LEARNING DISABILITY,RVNEQ,CALLINGTON ROAD HOSPITAL,BS4 5BJ,"NHS BRISTOL, NORTH SOMERSET AND SOUTH GLOUCESTERSHIRE ICB",BRISTOL CITY COUNCIL,Mental Health (including Specialist services),6432,0.52,677,0.32,31736,14.16,0,0,0,0,51.431264,-2.557556,0.52,14.48,15.0,6
RVN,AVON AND WILTSHIRE MENTAL HEALTH PARTNERSHIP NHS TRUST,SOUTH WEST COMMISSIONING REGION,MENTAL HEALTH AND LEARNING DISABILITY,RVNORS,OTHER REPORTABLE SITES,SN15 1GG,"NHS BRISTOL, NORTH SOMERSET AND SOUTH GLOUCESTERSHIRE ICB",BATH AND NORTH EAST SOMERSET COUNCIL,Other Reportable Site,1730,0.66,3,0.01,794,0.1,0,0,0,0,51.468373,-2.108278,0.66,0.11,0.77,-1
RWV,DEVON PARTNERSHIP NHS TRUST,SOUTH WEST COMMISSIONING REGION,MENTAL HEALTH AND LEARNING DISABILITY,Q2A7P,BROOKLAND HALL,BS2 9RU,NHS DEVON ICB,BRISTOL CITY COUNCIL,Mental Health (including Specialist services),0,0.0,0,0.0,145,0.03,0,0,0,0,51.466587,-2.575506,0.0,0.03,0.03,6
RWV,DEVON PARTNERSHIP NHS TRUST,SOUTH WEST COMMISSIONING REGION,MENTAL HEALTH AND LEARNING DISABILITY,RWV05,BIDEFORD AND DISTRICT HOSPITAL (ABBOTSVALE),EX39 3AG,NHS DEVON ICB,DEVON COUNTY COUNCIL,Mental Health (including Specialist services),0,0.0,0,0.0,29,0.01,0,0,0,0,51.017812,-4.212783,0.0,0.01,0.01,2
RWV,DEVON PARTNERSHIP NHS TRUST,SOUTH WEST COMMISSIONING REGION,MENTAL HEALTH AND LEARNING DISABILITY,RWV0C,JASMINE LODGE,EX2 5AG,NHS DEVON ICB,DEVON COUNTY COUNCIL,Mental Health (including Specialist services),0,0.0,0,0.0,233,0.06,0,0,0,0,50.714357,-3.506421,0.0,0.06,0.06,20
RWV,DEVON PARTNERSHIP NHS TRUST,SOUTH WEST COMMISSIONING REGION,MENTAL HEALTH AND LEARNING DISABILITY,RWV12,NORTH DEVON DISTRICT HOSPITAL,EX31 4JB,NHS DEVON ICB,DEVON COUNTY COUNCIL,Mental Health (including Specialist services),9091,11.25,450,0.89,3436,7.9,0,0,2194,6.53,51.092166,-4.050455,11.25,8.790000000000001,20.04,2
RWV,DEVON PARTNERSHIP NHS TRUST,SOUTH WEST COMMISSIONING REGION,MENTAL HEALTH AND LEARNING DISABILITY,RWV16,"CHADWELL CENTRE, PAIGNTON",TQ3 2DW,NHS DEVON ICB,TORBAY COUNCIL,Mental Health (including Specialist services),103,0.02,0,0.0,243,0.04,0,0,0,0,50.44906,-3.554547,0.02,0.04,0.06,18
RWV,DEVON PARTNERSHIP NHS TRUST,SOUTH WEST COMMISSIONING REGION,MENTAL HEALTH AND LEARNING DISABILITY,RWV25,BRIARS CREATIVE THERAPY SERVICE,EX2 9JD,NHS DEVON ICB,DEVON COUNTY COUNCIL,Mental Health (including Specialist services),0,0.0,0,0.0,116,0.02,0,0,0,0,50.705317,-3.542302,0.0,0.02,0.02,-1
RWV,DEVON PARTNERSHIP NHS TRUST,SOUTH WEST COMMISSIONING REGION,MENTAL HEALTH AND LEARNING DISABILITY,RWV27,NEW LEAF,EX6 8AB,NHS DEVON ICB,DEVON COUNTY COUNCIL,Mental Health (including Specialist services),0,0.0,0,0.0,116,0.02,0,0,0,0,50.681103,-3.50612,0.0,0.02,0.02,-1
RWV,DEVON PARTNERSHIP NHS TRUST,SOUTH WEST COMMISSIONING REGION,MENTAL HEALTH AND LEARNING DISABILITY,RWV28,COMPASS HOUSE,EX2 4TL,NHS DEVON ICB,DEVON COUNTY COUNCIL,Mental Health (including Specialist services),0,0.0,0,0.0,204,0.04,0,0,0,0,50.720932,-3.515359,0.0,0.04,0.04,20
RWV,DEVON PARTNERSHIP NHS TRUST,SOUTH WEST COMMISSIONING REGION,MENTAL HEALTH AND LEARNING DISABILITY,RWV29,TIVERTON HOSPITAL,EX16 6NT,NHS DEVON ICB,DEVON COUNTY COUNCIL,Mental Health and Learning Disabilities,Not Applicable,0.0,Not Applicable,0.0,Not Applicable,0.0,Not Applicable,Not Applicable,Not Applicable,Not Applicable,50.909397,-3.492982,0.0,0.0,0.0,-1
RWV,DEVON PARTNERSHIP NHS TRUST,SOUTH WEST COMMISSIONING REGION,MENTAL HEALTH AND LEARNING DISABILITY,RWV40,SHERBOURNE HOUSE,TQ12 2PF,NHS DEVON ICB,DEVON COUNTY COUNCIL,Non inpatient,45,0.02,0,0.0,213,0.03,0,0,0,0,50.531471,-3.608785,0.02,0.03,0.05,18
RWV,DEVON PARTNERSHIP NHS TRUST,SOUTH WEST COMMISSIONING REGION,MENTAL HEALTH AND LEARNING DISABILITY,RWV52,ST. JOHNS COURT,EX8 4DD,NHS DEVON ICB,DEVON COUNTY COUNCIL,Mental Health (including Specialist services),54,0.01,0,0.0,203,0.09,0,0,0,0,50.631351,-3.391989,0.01,0.09,0.09999999999999999,17
RWV,DEVON PARTNERSHIP NHS TRUST,SOUTH WEST COMMISSIONING REGION,MENTAL HEALTH AND LEARNING DISABILITY,RWV55,TORBAY HOSPITAL,TQ2 7AA,NHS DEVON ICB,TORBAY COUNCIL,Mental Health (including Specialist services),1201,0.38,0,0.0,3032,1.73,0,0,0,0,50.482303,-3.553819,0.38,1.73,2.11,18
RWV,DEVON PARTNERSHIP NHS TRUST,SOUTH WEST COMMISSIONING REGION,MENTAL HEALTH AND LEARNING DISABILITY,RWV62,WONFORD HOUSE HOSPITAL,EX2 5AF,NHS DEVON ICB,DEVON COUNTY COUNCIL,Mental Health (including Specialist services),2900,1.47,0,0.0,2200,1.01,0,0,0,0,50.715384,-3.506312,1.47,1.01,2.48,20
RWV,DEVON PARTNERSHIP NHS TRUST,SOUTH WEST COMMISSIONING REGION,MENTAL HEALTH AND LEARNING DISABILITY,RWV70,LANGDON HOSPITAL,EX7 0NR,NHS DEVON ICB,DEVON COUNTY COUNCIL,Mental Health and Learning Disabilities,2250,0.51,0,0.0,922,0.35,0,0,0,0,50.599657,-3.468191,0.51,0.35,0.86,17
RWV,DEVON PARTNERSHIP NHS TRUST,SOUTH WEST COMMISSIONING REGION,MENTAL HEALTH AND LEARNING DISABILITY,RWV88,HAYDONS COURT (THE BUNGALOW),EX14 2DE,NHS DEVON ICB,DEVON COUNTY COUNCIL,Mental Health (including Specialist services),405,0.1,0,0.0,627,0.46,0,0,0,0,50.794917,-3.186587,0.1,0.46,0.56,-1
RWV,DEVON PARTNERSHIP NHS TRUST,SOUTH WEST COMMISSIONING REGION,MENTAL HEALTH AND LEARNING DISABILITY,RWV93,THE CEDARS (EXETER),EX2 5SN,NHS DEVON ICB,DEVON COUNTY COUNCIL,Mental Health (including Specialist services),0,0.0,0,0.0,727,0.14,0,0,0,0,50.715336,-3.504441,0.0,0.14,0.14,20
RWV,DEVON PARTNERSHIP NHS TRUST,SOUTH WEST COMMISSIONING REGION,MENTAL HEALTH AND LEARNING DISABILITY,RWV94,HOSPITAL LANE - ASU (WHIPTON),EX1 3PQ,NHS DEVON ICB,DEVON COUNTY COUNCIL,Mental Health (including Specialist services),205,0.16,0,0.0,532,0.45,0,0,0,0,50.73178,-3.482409,0.16,0.45,0.61,19
RWV,DEVON PARTNERSHIP NHS TRUST,SOUTH WEST COMMISSIONING REGION,MENTAL HEALTH AND LEARNING DISABILITY,RWV98,FRANKLYN HOSPITAL SITE,EX2 9HS,NHS DEVON ICB,DEVON COUNTY COUNCIL,Mental Health (including Specialist services),2220,0.52,0,0.0,4303,3.99,0,0,0,0,50.712399,-3.549433,0.52,3.99,4.51,-1
RWV,DEVON PARTNERSHIP NHS TRUST,SOUTH WEST COMMISSIONING REGION,MENTAL HEALTH AND LEARNING DISABILITY,RWVFT,CAMHS LIAISON (EVERGREEN HOUSE),EX2 4NU,NHS DEVON ICB,DEVON COUNTY COUNCIL,Mental Health (including Specialist services),0,0.0,0,0.0,145,0.03,0,0,0,0,50.718023,-3.514982,0.0,0.03,0.03,20
RWV,DEVON PARTNERSHIP NHS TRUST,SOUTH WEST COMMISSIONING REGION,MENTAL HEALTH AND LEARNING DISABILITY,RWVJK-X,PICU - THE JUNIPERS,EX2 5AG,NHS DEVON ICB,DEVON COUNTY COUNCIL,Mental Health (including Specialist services),0,0.0,0,0.0,87,0.02,0,0,0,0,50.714357,-3.506421,0.0,0.02,0.02,20
RWV,DEVON PARTNERSHIP NHS TRUST,SOUTH WEST COMMISSIONING REGION,MENTAL HEALTH AND LEARNING DISABILITY,RWVMZ,N DEVON SECTOR B (NMP) - WEST PILTON OFFICES,EX31 1QL,NHS DEVON ICB,DEVON COUNTY COUNCIL,Mental Health (including Specialist services),72,0.03,0,0.0,285,0.05,0,0,0,0,51.091224,-4.055925,0.03,0.05,0.08,2
RWV,DEVON PARTNERSHIP NHS TRUST,SOUTH WEST COMMISSIONING REGION,MENTAL HEALTH AND LEARNING DISABILITY,RWVORS,OTHER REPORTABLE SITES,EX2 5AF,NHS DEVON ICB,DEVON COUNTY COUNCIL,Other Reportable Site,233,0.2,0,0.0,1280,0.31,0,0,0,0,50.715384,-3.506312,0.2,0.31,0.51,20
RYF,SOUTH WESTERN AMBULANCE SERVICE NHS FOUNDATION TRUST,SOUTH WEST COMMISSIONING REGION,AMBULANCE,R2V9F,REDRUTH AMB STN 2,TR15 3RQ,NHS DORSET ICB,CORNWALL COUNCIL,Support Facility,1792,0.62,1643,0.57,604,3.85,Not Applicable,Not Applicable,Not Applicable,Not Applicable,50.227412,-5.251429,0.62,4.42,5.04,1
RYF,SOUTH WESTERN AMBULANCE SERVICE NHS FOUNDATION TRUST,SOUTH WEST COMMISSIONING REGION,AMBULANCE,R7H1Y,DORSET MAIN OPERATING BASE,BH21 7BU,NHS DORSET ICB,DORSET COUNCIL,Support Facility,0,0.0,0,0.0,0,0.0,Not Applicable,Not Applicable,Not Applicable,Not Applicable,50.807992,-1.915624,0.0,0.0,0.0,11
RYF,SOUTH WESTERN AMBULANCE SERVICE NHS FOUNDATION TRUST,SOUTH WEST COMMISSIONING REGION,AMBULANCE,RYF0A,ST JAMES A,BS32 4QJ,NHS DORSET ICB,SOUTH GLOUCESTERSHIRE COUNCIL,Support Facility,0,0.0,0,0.0,0,0.0,Not Applicable,Not Applicable,Not Applicable,Not Applicable,51.548468,-2.556191,0.0,0.0,0.0,6
RYF,SOUTH WESTERN AMBULANCE SERVICE NHS FOUNDATION TRUST,SOUTH WEST COMMISSIONING REGION,AMBULANCE,RYF28,TORQUAY AMBULANCE STATION,TQ2 7BP,NHS DORSET ICB,TORBAY COUNCIL,Support Facility,646,0.15,0,0.0,628,4.01,Not Applicable,Not Applicable,Not Applicable,Not Applicable,50.4827,-3.551676,0.15,4.01,4.16,18
RYF,SOUTH WESTERN AMBULANCE SERVICE NHS FOUNDATION TRUST,SOUTH WEST COMMISSIONING REGION,AMBULANCE,RYF35,DERRIFORD AMBULANCE STATION,PL6 5AB,NHS DORSET ICB,PLYMOUTH CITY COUNCIL,Support Facility,1172,0.41,896,0.31,880,5.61,Not Applicable,Not Applicable,Not Applicable,Not Applicable,50.416269,-4.119493,0.41,5.92,6.33,15
RYF,SOUTH WESTERN AMBULANCE SERVICE NHS FOUNDATION TRUST,SOUTH WEST COMMISSIONING REGION,AMBULANCE,RYF45,"TRUST HQ, SOWTON INDUSTRIAL ESTATE, EXETER",EX2 7HY,NHS DORSET ICB,DEVON COUNTY COUNCIL,Support Facility,0,0.0,0,0.0,22,0.14,Not Applicable,Not Applicable,Not Applicable,Not Applicable,50.720158,-3.464758,0.0,0.14,0.14,19
RYF,SOUTH WESTERN AMBULANCE SERVICE NHS FOUNDATION TRUST,SOUTH WEST COMMISSIONING REGION,AMBULANCE,RYF46,TAUNTON AMBULANCE STATION,TA1 2LB,NHS DORSET ICB,SOMERSET COUNTY COUNCIL,Support Facility,1361,0.38,0,0.0,642,4.1,Not Applicable,Not Applicable,Not Applicable,Not Applicable,51.014957,-3.080897,0.38,4.1,4.4799999999999995,8
RYF,SOUTH WESTERN AMBULANCE SERVICE NHS FOUNDATION TRUST,SOUTH WEST COMMISSIONING REGION,AMBULANCE,RYFAM,LOGISTICS BASE KESTREL WAY,EX2 7JS,NHS DORSET ICB,DEVON COUNTY COUNCIL,Support Facility,1315,0.41,0,0.0,491,3.13,Not Applicable,Not Applicable,Not Applicable,Not Applicable,50.719162,-3.466059,0.41,3.13,3.54,19
RYF,SOUTH WESTERN AMBULANCE SERVICE NHS FOUNDATION TRUST,SOUTH WEST COMMISSIONING REGION,AMBULANCE,RYFDK,SWINDON AMBULANCE STATION,SN3 1AR,NHS DORSET ICB,SWINDON BOROUGH COUNCIL,Support Facility,517,0.18,1643,0.57,979,6.25,Not Applicable,Not Applicable,Not Applicable,Not Applicable,51.562886,-1.768474,0.18,6.82,7.0,3
RYF,SOUTH WESTERN AMBULANCE SERVICE NHS FOUNDATION TRUST,SOUTH WEST COMMISSIONING REGION,AMBULANCE,RYFDN,NORTH BRISTOL OPERATIONS CENTRE (HART),BS34 7QH,NHS DORSET ICB,SOUTH GLOUCESTERSHIRE COUNCIL,Support Facility,258,0.09,1344,0.47,405,2.59,Not Applicable,Not Applicable,Not Applicable,Not Applicable,51.517853,-2.56889,0.09,3.0599999999999996,3.1499999999999995,6
RYF,SOUTH WESTERN AMBULANCE SERVICE NHS FOUNDATION TRUST,SOUTH WEST COMMISSIONING REGION,AMBULANCE,RYFEA,CENTRAL BRISTOL OPERATIONS CENTRE,BS5 0DA,NHS DORSET ICB,BRISTOL CITY COUNCIL,Support Facility,2987,1.04,3340,1.2,2024,12.92,Not Applicable,Not Applicable,Not Applicable,Not Applicable,51.458685,-2.567591,1.04,14.12,15.16,6
RYF,SOUTH WESTERN AMBULANCE SERVICE NHS FOUNDATION TRUST,SOUTH WEST COMMISSIONING REGION,AMBULANCE,RYFEF,ASOC,EX5 2FL,NHS DORSET ICB,DEVON COUNTY COUNCIL,Support Facility,896,0.32,1643,0.57,735,4.69,Not Applicable,Not Applicable,Not Applicable,Not Applicable,50.739104,-3.425156,0.32,5.260000000000001,5.580000000000001,-1
RYF,SOUTH WESTERN AMBULANCE SERVICE NHS FOUNDATION TRUST,SOUTH WEST COMMISSIONING REGION,AMBULANCE,RYFORS,OTHER REPORTABLE SITES,EX2 7HY,NHS DORSET ICB,DEVON COUNTY COUNCIL,Other Reportable Site,37447,11.41,18487,8.26,17899,115.23,Not Applicable,Not Applicable,Not Applicable,Not Applicable,50.720158,-3.464758,11.41,123.49000000000001,134.9,19
