Trust Code,Trust Name,Commissioning Region,Trust Type,Site Code,Site Name,Post Code,Latitude,Longitude,Nearest Waste Site,Nearest Site Category,Distance,Within 45 Mins?
R0D,UNIVERSITY HOSPITALS DORSET NHS FOUNDATION TRUST,SOUTH WEST COMMISSIONING REGION,ACUTE - TEACHING,F2I8O,ST MARYS HOSPITAL,BH15 2LG,50.722364,-1.974271,Canford Recycling Centre,Treatment,10.1 km,Yes
R0D,UNIVERSITY HOSPITALS DORSET NHS FOUNDATION TRUST,SOUTH WEST COMMISSIONING REGION,ACUTE - TEACHING,R0D01,POOLE HOSPITAL,BH15 2JB,50.721977,-1.97311,Canford Recycling Centre,Treatment,9.7 km,Yes
R0D,UNIVERSITY HOSPITALS DORSET NHS FOUNDATION TRUST,SOUTH WEST COMMISSIONING REGION,ACUTE - TEACHING,R0D02,ROYAL BOURNEMOUTH HOSPITAL,BH7 7DW,50.747472,-1.820512,Canford Recycling Centre,Treatment,11.2 km,Yes
R0D,UNIVERSITY HOSPITALS DORSET NHS FOUNDATION TRUST,SOUTH WEST COMMISSIONING REGION,ACUTE - TEACHING,R0D03,CHRISTCHURCH HOSPITAL,BH23 2JX,50.745155,-1.790148,Canford Recycling Centre,Treatment,15.7 km,Yes
R0D,UNIVERSITY HOSPITALS DORSET NHS FOUNDATION TRUST,SOUTH WEST COMMISSIONING REGION,ACUTE - TEACHING,R0D0H,SSD ALDERNEY COMMUNITY HOSPITAL,BH12 4NB,50.749698,-1.940974,Canford Recycling Centre,Treatment,5.7 km,Yes
RA7,UNIVERSITY HOSPITALS BRISTOL AND WESTON NHS FOUNDATION TRUST,SOUTH WEST COMMISSIONING REGION,ACUTE - TEACHING,RA701,BRISTOL ROYAL INFIRMARY,BS2 8HW,51.459182,-2.59614,Clinipower Avonmouth L L P,Treatment,10.0 km,Yes
RA7,UNIVERSITY HOSPITALS BRISTOL AND WESTON NHS FOUNDATION TRUST,SOUTH WEST COMMISSIONING REGION,ACUTE - TEACHING,RA773,SOUTH BRISTOL COMMUNITY HOSPITAL,BS14 0DE,51.413399,-2.584902,Avonmouth Treatment Centre  EPR/KP3937DU,Incineration,16.7 km,Yes
RA7,UNIVERSITY HOSPITALS BRISTOL AND WESTON NHS FOUNDATION TRUST,SOUTH WEST COMMISSIONING REGION,ACUTE - TEACHING,RA7C2,WESTON GENERAL HOSPITAL,BS23 4TQ,51.322331,-2.971405,Walpole Recovery Facility and Landfill Site - EPR/BK6785IE,Landfill,23.0 km,Yes
RA7,UNIVERSITY HOSPITALS BRISTOL AND WESTON NHS FOUNDATION TRUST,SOUTH WEST COMMISSIONING REGION,ACUTE - TEACHING,RA7CH,CENTRAL HEALTH CLINIC SITE,BS2 0JD,51.454434,-2.585529,Avonmouth Treatment Centre  EPR/KP3937DU,Incineration,14.5 km,Yes
RA7,UNIVERSITY HOSPITALS BRISTOL AND WESTON NHS FOUNDATION TRUST,SOUTH WEST COMMISSIONING REGION,ACUTE - TEACHING,RA7ORS,OTHER REPORTABLE SITES,BS1 3NU,51.459476,-2.593021,Clinipower Avonmouth L L P,Treatment,10.5 km,Yes
RA9,TORBAY AND SOUTH DEVON NHS FOUNDATION TRUST,SOUTH WEST COMMISSIONING REGION,ACUTE - MULTI-SERVICE,C8M8V,SHRUBLANDS HOUSE,TQ2 5RS,50.469058,-3.535982,Heathfield Landfill EPR/BV7028IP,Landfill,15.8 km,Yes
RA9,TORBAY AND SOUTH DEVON NHS FOUNDATION TRUST,SOUTH WEST COMMISSIONING REGION,ACUTE - MULTI-SERVICE,G9K8X,SHERBORNE HOUSE,TQ12 2PF,50.531471,-3.608785,Heathfield Landfill EPR/BV7028IP,Landfill,5.8 km,Yes
RA9,TORBAY AND SOUTH DEVON NHS FOUNDATION TRUST,SOUTH WEST COMMISSIONING REGION,ACUTE - MULTI-SERVICE,Q6Z8C,DARTMOUTH HEALTH & WELLBEING CENTRE,TQ6 0JL,50.346764,-3.603421,Heathfield Landfill EPR/BV7028IP,Landfill,46.7 km,No
RA9,TORBAY AND SOUTH DEVON NHS FOUNDATION TRUST,SOUTH WEST COMMISSIONING REGION,ACUTE - MULTI-SERVICE,RA901,TORBAY DISTRICT GENERAL HOSPITAL,TQ2 7AA,50.482303,-3.553819,Heathfield Landfill EPR/BV7028IP,Landfill,14.1 km,Yes
RA9,TORBAY AND SOUTH DEVON NHS FOUNDATION TRUST,SOUTH WEST COMMISSIONING REGION,ACUTE - MULTI-SERVICE,RA905,REGENT HOUSE,TQ2 7AN,50.479726,-3.549394,Heathfield Landfill EPR/BV7028IP,Landfill,14.3 km,Yes
RA9,TORBAY AND SOUTH DEVON NHS FOUNDATION TRUST,SOUTH WEST COMMISSIONING REGION,ACUTE - MULTI-SERVICE,RA906,ST EDMUNDS,TQ1 3QH,50.476172,-3.528446,Heathfield Landfill EPR/BV7028IP,Landfill,16.3 km,Yes
RA9,TORBAY AND SOUTH DEVON NHS FOUNDATION TRUST,SOUTH WEST COMMISSIONING REGION,ACUTE - MULTI-SERVICE,RA90J,CASTLE CIRCUS HEALTH CENTRE,TQ2 7AJ,50.484066,-3.551763,Heathfield Landfill EPR/BV7028IP,Landfill,13.6 km,Yes
RA9,TORBAY AND SOUTH DEVON NHS FOUNDATION TRUST,SOUTH WEST COMMISSIONING REGION,ACUTE - MULTI-SERVICE,RA949,"UNIT 7, LONG ROAD",TQ4 7HP,50.412017,-3.588959,Heathfield Landfill EPR/BV7028IP,Landfill,21.8 km,Yes
RA9,TORBAY AND SOUTH DEVON NHS FOUNDATION TRUST,SOUTH WEST COMMISSIONING REGION,ACUTE - MULTI-SERVICE,RA952,ASHBURTON AND BUCKFASTLEIGH HOSPITAL,TQ13 7AP,50.519041,-3.748613,Heathfield Landfill EPR/BV7028IP,Landfill,13.3 km,Yes
RA9,TORBAY AND SOUTH DEVON NHS FOUNDATION TRUST,SOUTH WEST COMMISSIONING REGION,ACUTE - MULTI-SERVICE,RA954,BRIXHAM HOSPITAL,TQ5 9HW,50.389428,-3.513838,Heathfield Landfill EPR/BV7028IP,Landfill,27.2 km,Yes
RA9,TORBAY AND SOUTH DEVON NHS FOUNDATION TRUST,SOUTH WEST COMMISSIONING REGION,ACUTE - MULTI-SERVICE,RA956,DAWLISH HOSPITAL,EX7 9DH,50.58057,-3.474801,Heathfield Landfill EPR/BV7028IP,Landfill,18.1 km,Yes
RA9,TORBAY AND SOUTH DEVON NHS FOUNDATION TRUST,SOUTH WEST COMMISSIONING REGION,ACUTE - MULTI-SERVICE,RA957,NEWTON ABBOT HOSPITAL,TQ12 4PT,,,N/A,N/A,0,N/A
RA9,TORBAY AND SOUTH DEVON NHS FOUNDATION TRUST,SOUTH WEST COMMISSIONING REGION,ACUTE - MULTI-SERVICE,RA958,PAIGNTON HOSPITAL,TQ3 3AG,50.437123,-3.568816,Heathfield Landfill EPR/BV7028IP,Landfill,19.0 km,Yes
RA9,TORBAY AND SOUTH DEVON NHS FOUNDATION TRUST,SOUTH WEST COMMISSIONING REGION,ACUTE - MULTI-SERVICE,RA959,TEIGNMOUTH HOSPITAL,TQ14 9BQ,50.548357,-3.511173,Heathfield Landfill EPR/BV7028IP,Landfill,10.6 km,Yes
RA9,TORBAY AND SOUTH DEVON NHS FOUNDATION TRUST,SOUTH WEST COMMISSIONING REGION,ACUTE - MULTI-SERVICE,RA979,TOTNES HOSPITAL,TQ9 5GH,50.432757,-3.684209,Heathfield Landfill EPR/BV7028IP,Landfill,19.6 km,Yes
RA9,TORBAY AND SOUTH DEVON NHS FOUNDATION TRUST,SOUTH WEST COMMISSIONING REGION,ACUTE - MULTI-SERVICE,RA9CY,HOLLACOMBE COMMUNITY RESOURCE CENTRE,TQ3 2DJ,50.449004,-3.556067,Heathfield Landfill EPR/BV7028IP,Landfill,18.8 km,Yes
RA9,TORBAY AND SOUTH DEVON NHS FOUNDATION TRUST,SOUTH WEST COMMISSIONING REGION,ACUTE - MULTI-SERVICE,RA9KA,KINGS ASH HOUSE,TQ3 3XZ,50.44011,-3.590562,Heathfield Landfill EPR/BV7028IP,Landfill,17.9 km,Yes
RA9,TORBAY AND SOUTH DEVON NHS FOUNDATION TRUST,SOUTH WEST COMMISSIONING REGION,ACUTE - MULTI-SERVICE,RA9NH,UNION HOUSE,TQ1 3YA,50.467513,-3.530351,Heathfield Landfill EPR/BV7028IP,Landfill,16.4 km,Yes
RA9,TORBAY AND SOUTH DEVON NHS FOUNDATION TRUST,SOUTH WEST COMMISSIONING REGION,ACUTE - MULTI-SERVICE,RA9ORS,OTHER REPORTABLE SITES,TQ2 7AA,50.482303,-3.553819,Heathfield Landfill EPR/BV7028IP,Landfill,14.1 km,Yes
RBD,DORSET COUNTY HOSPITAL NHS FOUNDATION TRUST,SOUTH WEST COMMISSIONING REGION,ACUTE - SMALL,RBD01,DORSET COUNTY HOSPITAL,DT1 2JY,50.712931,-2.446934,Canford Recycling Centre,Treatment,42.2 km,Yes
RD1,ROYAL UNITED HOSPITALS BATH NHS FOUNDATION TRUST,SOUTH WEST COMMISSIONING REGION,ACUTE - MEDIUM,I9L1N,SULIS HOSPITAL,BA2 8SQ,51.311322,-2.416516,Frome Clinical Waste Treatment Plant and Transfer Station,Treatment,17.7 km,Yes
RD1,ROYAL UNITED HOSPITALS BATH NHS FOUNDATION TRUST,SOUTH WEST COMMISSIONING REGION,ACUTE - MEDIUM,RD102,CHIPPENHAM HOSPITAL,SN15 2AJ,51.452538,-2.126704,Sand's Farm Facility,Treatment,13.2 km,Yes
RD1,ROYAL UNITED HOSPITALS BATH NHS FOUNDATION TRUST,SOUTH WEST COMMISSIONING REGION,ACUTE - MEDIUM,RD130,ROYAL UNITED HOSPITAL,BA1 3NG,51.391662,-2.391217,Frome Clinical Waste Treatment Plant and Transfer Station,Treatment,25.1 km,Yes
RD1,ROYAL UNITED HOSPITALS BATH NHS FOUNDATION TRUST,SOUTH WEST COMMISSIONING REGION,ACUTE - MEDIUM,RD1ORS,OTHER REPORTABLE SITES,BA1 3NG,51.391662,-2.391217,Frome Clinical Waste Treatment Plant and Transfer Station,Treatment,25.1 km,Yes
RDY,DORSET HEALTHCARE UNIVERSITY NHS FOUNDATION TRUST,SOUTH WEST COMMISSIONING REGION,MENTAL HEALTH AND LEARNING DISABILITY,RDY01,BOSCOMBE COMMUNITY HOSPITAL,BH1 4JQ,50.729255,-1.841466,Canford Recycling Centre,Treatment,12.7 km,Yes
RDY,DORSET HEALTHCARE UNIVERSITY NHS FOUNDATION TRUST,SOUTH WEST COMMISSIONING REGION,MENTAL HEALTH AND LEARNING DISABILITY,RDY02,KINGS PARK HOSPITAL,BH7 6JF,50.731582,-1.833353,Canford Recycling Centre,Treatment,13.2 km,Yes
RDY,DORSET HEALTHCARE UNIVERSITY NHS FOUNDATION TRUST,SOUTH WEST COMMISSIONING REGION,MENTAL HEALTH AND LEARNING DISABILITY,RDY0H,DHC OMEGA CENTRE,BH20 4DY,50.694969,-2.108309,Canford Recycling Centre,Treatment,23.0 km,Yes
RDY,DORSET HEALTHCARE UNIVERSITY NHS FOUNDATION TRUST,SOUTH WEST COMMISSIONING REGION,MENTAL HEALTH AND LEARNING DISABILITY,RDY10,ST ANNS HOSPITAL,BH13 7LN,50.699151,-1.928109,Canford Recycling Centre,Treatment,12.2 km,Yes
RDY,DORSET HEALTHCARE UNIVERSITY NHS FOUNDATION TRUST,SOUTH WEST COMMISSIONING REGION,MENTAL HEALTH AND LEARNING DISABILITY,RDY11,HAHNEMAN HOUSE,BH2 5JW,50.717679,-1.886294,Canford Recycling Centre,Treatment,12.4 km,Yes
RDY,DORSET HEALTHCARE UNIVERSITY NHS FOUNDATION TRUST,SOUTH WEST COMMISSIONING REGION,MENTAL HEALTH AND LEARNING DISABILITY,RDY12,ALUMHURST ROAD SITE,BH4 8EW,50.716715,-1.904412,Canford Recycling Centre,Treatment,11.1 km,Yes
RDY,DORSET HEALTHCARE UNIVERSITY NHS FOUNDATION TRUST,SOUTH WEST COMMISSIONING REGION,MENTAL HEALTH AND LEARNING DISABILITY,RDY22,ALDERNEY HOSPITAL,BH12 4NB,50.749698,-1.940974,Canford Recycling Centre,Treatment,5.7 km,Yes
RDY,DORSET HEALTHCARE UNIVERSITY NHS FOUNDATION TRUST,SOUTH WEST COMMISSIONING REGION,MENTAL HEALTH AND LEARNING DISABILITY,RDY24,DOUGLAS HOUSE,BH6 5AJ,50.728137,-1.814834,Canford Recycling Centre,Treatment,13.3 km,Yes
RDY,DORSET HEALTHCARE UNIVERSITY NHS FOUNDATION TRUST,SOUTH WEST COMMISSIONING REGION,MENTAL HEALTH AND LEARNING DISABILITY,RDY25,HILLCREST,BH10 4EU,50.749476,-1.89448,Canford Recycling Centre,Treatment,6.9 km,Yes
RDY,DORSET HEALTHCARE UNIVERSITY NHS FOUNDATION TRUST,SOUTH WEST COMMISSIONING REGION,MENTAL HEALTH AND LEARNING DISABILITY,RDY35,OAKLEY HOUSE,BH21 1SF,50.787013,-1.972009,Canford Recycling Centre,Treatment,4.2 km,Yes
RDY,DORSET HEALTHCARE UNIVERSITY NHS FOUNDATION TRUST,SOUTH WEST COMMISSIONING REGION,MENTAL HEALTH AND LEARNING DISABILITY,RDY38,FAIRMILE HOUSE (THE FLAGHEAD),BH23 2JT,50.743144,-1.792226,Canford Recycling Centre,Treatment,16.1 km,Yes
RDY,DORSET HEALTHCARE UNIVERSITY NHS FOUNDATION TRUST,SOUTH WEST COMMISSIONING REGION,MENTAL HEALTH AND LEARNING DISABILITY,RDY62,POOLE COMMUNITY HEALTH CLINIC,BH15 2NT,50.721888,-1.976382,Canford Recycling Centre,Treatment,10.0 km,Yes
RDY,DORSET HEALTHCARE UNIVERSITY NHS FOUNDATION TRUST,SOUTH WEST COMMISSIONING REGION,MENTAL HEALTH AND LEARNING DISABILITY,RDY99,DELPHWOOD,BH17 8WG,50.747542,-1.966519,Canford Recycling Centre,Treatment,8.1 km,Yes
RDY,DORSET HEALTHCARE UNIVERSITY NHS FOUNDATION TRUST,SOUTH WEST COMMISSIONING REGION,MENTAL HEALTH AND LEARNING DISABILITY,RDYEF,WEYMOUTH COMMUNITY HOSPITAL,DT4 7TB,50.621025,-2.451009,Canford Recycling Centre,Treatment,53.7 km,No
RDY,DORSET HEALTHCARE UNIVERSITY NHS FOUNDATION TRUST,SOUTH WEST COMMISSIONING REGION,MENTAL HEALTH AND LEARNING DISABILITY,RDYEG,WESTHAVEN HOSPITAL,DT4 0QE,50.61501,-2.479941,Canford Recycling Centre,Treatment,54.7 km,No
RDY,DORSET HEALTHCARE UNIVERSITY NHS FOUNDATION TRUST,SOUTH WEST COMMISSIONING REGION,MENTAL HEALTH AND LEARNING DISABILITY,RDYEH,PORTLAND HOSPITAL,DT5 1AX,50.565805,-2.444819,Canford Recycling Centre,Treatment,61.8 km,No
RDY,DORSET HEALTHCARE UNIVERSITY NHS FOUNDATION TRUST,SOUTH WEST COMMISSIONING REGION,MENTAL HEALTH AND LEARNING DISABILITY,RDYEJ,BRIDPORT COMMUNITY HOSPITAL,DT6 5DR,50.741594,-2.769929,South West Waste Recovery Facility,Treatment,37.1 km,Yes
RDY,DORSET HEALTHCARE UNIVERSITY NHS FOUNDATION TRUST,SOUTH WEST COMMISSIONING REGION,MENTAL HEALTH AND LEARNING DISABILITY,RDYER,BLANDFORD COMMUNITY HOSPITAL,DT11 7DD,50.863063,-2.16798,Canford Recycling Centre,Treatment,24.1 km,Yes
RDY,DORSET HEALTHCARE UNIVERSITY NHS FOUNDATION TRUST,SOUTH WEST COMMISSIONING REGION,MENTAL HEALTH AND LEARNING DISABILITY,RDYEW,"FORSTON CLINIC, HERRISON",DT2 9TB,50.754318,-2.45334,Canford Recycling Centre,Treatment,45.9 km,Yes
RDY,DORSET HEALTHCARE UNIVERSITY NHS FOUNDATION TRUST,SOUTH WEST COMMISSIONING REGION,MENTAL HEALTH AND LEARNING DISABILITY,RDYEY,WESTMINSTER MEMORIAL HOSPITAL,SP7 8BD,51.004714,-2.200145,Frome Clinical Waste Treatment Plant and Transfer Station,Treatment,35.3 km,Yes
RDY,DORSET HEALTHCARE UNIVERSITY NHS FOUNDATION TRUST,SOUTH WEST COMMISSIONING REGION,MENTAL HEALTH AND LEARNING DISABILITY,RDYFC,YEATMAN HOSPITAL,DT9 3JU,50.949725,-2.519044,Frome Clinical Waste Treatment Plant and Transfer Station,Treatment,46.0 km,Yes
RDY,DORSET HEALTHCARE UNIVERSITY NHS FOUNDATION TRUST,SOUTH WEST COMMISSIONING REGION,MENTAL HEALTH AND LEARNING DISABILITY,RDYFD,WAREHAM COMMUNITY HOSPITAL,BH20 4QQ,50.686975,-2.116741,Canford Recycling Centre,Treatment,24.6 km,Yes
RDY,DORSET HEALTHCARE UNIVERSITY NHS FOUNDATION TRUST,SOUTH WEST COMMISSIONING REGION,MENTAL HEALTH AND LEARNING DISABILITY,RDYFE,WIMBORNE COMMUNITY HOSPITAL,BH21 1ER,50.802186,-1.995911,Canford Recycling Centre,Treatment,9.1 km,Yes
RDY,DORSET HEALTHCARE UNIVERSITY NHS FOUNDATION TRUST,SOUTH WEST COMMISSIONING REGION,MENTAL HEALTH AND LEARNING DISABILITY,RDYFF,SWANAGE COMMUNITY HOSPITAL,BH19 2ES,50.605498,-1.961207,Canford Recycling Centre,Treatment,39.5 km,No
RDY,DORSET HEALTHCARE UNIVERSITY NHS FOUNDATION TRUST,SOUTH WEST COMMISSIONING REGION,MENTAL HEALTH AND LEARNING DISABILITY,RDYFG,ST LEONARDS COMMUNITY HOSPITAL,BH24 2RR,50.81735,-1.856599,Canford Recycling Centre,Treatment,10.4 km,Yes
RDY,DORSET HEALTHCARE UNIVERSITY NHS FOUNDATION TRUST,SOUTH WEST COMMISSIONING REGION,MENTAL HEALTH AND LEARNING DISABILITY,RDYFP,FREDERICK TREVES HOUSE,DT1 2FD,50.713492,-2.457605,Canford Recycling Centre,Treatment,42.9 km,Yes
RDY,DORSET HEALTHCARE UNIVERSITY NHS FOUNDATION TRUST,SOUTH WEST COMMISSIONING REGION,MENTAL HEALTH AND LEARNING DISABILITY,RDYFT,MAIDEN CASTLE,DT1 2ER,50.706052,-2.444546,Canford Recycling Centre,Treatment,43.9 km,Yes
RDY,DORSET HEALTHCARE UNIVERSITY NHS FOUNDATION TRUST,SOUTH WEST COMMISSIONING REGION,MENTAL HEALTH AND LEARNING DISABILITY,RDYJP,LITTLEMOOR HEALTH CENTRE,DT3 6SA,50.647736,-2.455409,Canford Recycling Centre,Treatment,49.6 km,No
RDY,DORSET HEALTHCARE UNIVERSITY NHS FOUNDATION TRUST,SOUTH WEST COMMISSIONING REGION,MENTAL HEALTH AND LEARNING DISABILITY,RDYNM,DORSET HEALTHCARE UNIVERSITY NHS FOUNDATION TRUST HQ (SENTINAL HOUSE),BH17 0RB,50.740063,-1.978032,Canford Recycling Centre,Treatment,9.9 km,Yes
RDY,DORSET HEALTHCARE UNIVERSITY NHS FOUNDATION TRUST,SOUTH WEST COMMISSIONING REGION,MENTAL HEALTH AND LEARNING DISABILITY,RDYORS,OTHER REPORTABLE SITES,BH1 4JQ,50.729255,-1.841466,Canford Recycling Centre,Treatment,12.7 km,Yes
REF,ROYAL CORNWALL HOSPITALS NHS TRUST,SOUTH WEST COMMISSIONING REGION,ACUTE - LARGE,REF01,WEST CORNWALL HOSPITAL,TR18 2PF,50.122046,-5.543031,Stoneybridge Park EPR/YP3934SM,Incineration,98.9 km,No
REF,ROYAL CORNWALL HOSPITALS NHS TRUST,SOUTH WEST COMMISSIONING REGION,ACUTE - LARGE,REF02,ST MICHAELS HOSPITAL,TR27 4JA,50.180342,-5.424475,Stoneybridge Park EPR/YP3934SM,Incineration,86.0 km,No
REF,ROYAL CORNWALL HOSPITALS NHS TRUST,SOUTH WEST COMMISSIONING REGION,ACUTE - LARGE,REF12,ROYAL CORNWALL HOSPITAL,TR1 3LJ,50.266675,-5.091511,Stoneybridge Park EPR/YP3934SM,Incineration,69.1 km,No
REF,ROYAL CORNWALL HOSPITALS NHS TRUST,SOUTH WEST COMMISSIONING REGION,ACUTE - LARGE,REF81,ST AUSTELL COMMUNITY HOSPITAL,PL26 6AD,50.327864,-4.772405,Stoneybridge Park EPR/YP3934SM,Incineration,35.0 km,Yes
REF,ROYAL CORNWALL HOSPITALS NHS TRUST,SOUTH WEST COMMISSIONING REGION,ACUTE - LARGE,REFORS,OTHER REPORTABLE SITES,TR1 3LJ,50.266675,-5.091511,Stoneybridge Park EPR/YP3934SM,Incineration,69.1 km,No
REF,ROYAL CORNWALL HOSPITALS NHS TRUST,SOUTH WEST COMMISSIONING REGION,ACUTE - LARGE,REFY1,SUSTENTATION,TR15 3RQ,50.227412,-5.251429,Stoneybridge Park EPR/YP3934SM,Incineration,72.5 km,No
REF,ROYAL CORNWALL HOSPITALS NHS TRUST,SOUTH WEST COMMISSIONING REGION,ACUTE - LARGE,V8H3Z,RCHT CENTRAL STORES,TR4 9LD,50.261693,-5.123058,Stoneybridge Park EPR/YP3934SM,Incineration,67.4 km,No
RH5,SOMERSET NHS FOUNDATION TRUST,SOUTH WEST COMMISSIONING REGION,ACUTE - MULTI-SERVICE,RH523,PARKGATE HOUSE,TA1 3EX,51.016138,-3.091189,Walpole Recovery Facility and Landfill Site - EPR/BK6785IE,Landfill,24.2 km,Yes
RH5,SOMERSET NHS FOUNDATION TRUST,SOUTH WEST COMMISSIONING REGION,ACUTE - MULTI-SERVICE,RH572,ROWAN,BA20 2BX,50.946533,-2.648117,South West Waste Recovery Facility,Treatment,51.5 km,No
RH5,SOMERSET NHS FOUNDATION TRUST,SOUTH WEST COMMISSIONING REGION,ACUTE - MULTI-SERVICE,RH576,HOLFORD,TA2 7AZ,51.03289,-3.101937,Walpole Recovery Facility and Landfill Site - EPR/BK6785IE,Landfill,25.9 km,Yes
RH5,SOMERSET NHS FOUNDATION TRUST,SOUTH WEST COMMISSIONING REGION,ACUTE - MULTI-SERVICE,RH5A8,MUSGROVE PARK HOSPITAL,TA1 5DA,51.011569,-3.121702,Walpole Recovery Facility and Landfill Site - EPR/BK6785IE,Landfill,27.1 km,Yes
RH5,SOMERSET NHS FOUNDATION TRUST,SOUTH WEST COMMISSIONING REGION,ACUTE - MULTI-SERVICE,RH5C5,BROADWAY HOUSE,TA6 5YA,,,N/A,N/A,0,N/A
RH5,SOMERSET NHS FOUNDATION TRUST,SOUTH WEST COMMISSIONING REGION,ACUTE - MULTI-SERVICE,RH5C8,GLANVILLE HOUSE,TA6 5AT,51.131103,-2.998114,Walpole Recovery Facility and Landfill Site - EPR/BK6785IE,Landfill,6.1 km,Yes
RH5,SOMERSET NHS FOUNDATION TRUST,SOUTH WEST COMMISSIONING REGION,ACUTE - MULTI-SERVICE,RH5D1,FOUNDATION HOUSE,TA2 7PQ,51.031851,-3.102383,Walpole Recovery Facility and Landfill Site - EPR/BK6785IE,Landfill,25.7 km,Yes
RH5,SOMERSET NHS FOUNDATION TRUST,SOUTH WEST COMMISSIONING REGION,ACUTE - MULTI-SERVICE,RH5F1,WELLINGTON AND DISTRICT COTTAGE HOSPITAL,TA21 8QQ,50.976665,-3.227424,Walpole Recovery Facility and Landfill Site - EPR/BK6785IE,Landfill,36.1 km,Yes
RH5,SOMERSET NHS FOUNDATION TRUST,SOUTH WEST COMMISSIONING REGION,ACUTE - MULTI-SERVICE,RH5F2,CHARD HOSPITAL,TA20 1NF,50.874987,-2.952378,South West Waste Recovery Facility,Treatment,24.9 km,Yes
RH5,SOMERSET NHS FOUNDATION TRUST,SOUTH WEST COMMISSIONING REGION,ACUTE - MULTI-SERVICE,RH5F4,BURNHAM-ON-SEA WAR MEMORIAL HOSPITAL,TA8 1ED,51.238794,-2.993884,Walpole Recovery Facility and Landfill Site - EPR/BK6785IE,Landfill,9.5 km,Yes
RH5,SOMERSET NHS FOUNDATION TRUST,SOUTH WEST COMMISSIONING REGION,ACUTE - MULTI-SERVICE,RH5F5,MINEHEAD COMMUNITY HOSPITAL,TA24 6DF,51.200109,-3.461912,Walpole Recovery Facility and Landfill Site - EPR/BK6785IE,Landfill,46.3 km,No
RH5,SOMERSET NHS FOUNDATION TRUST,SOUTH WEST COMMISSIONING REGION,ACUTE - MULTI-SERVICE,RH5F6,WILLITON HOSPITAL,TA4 4RA,51.162884,-3.323221,Walpole Recovery Facility and Landfill Site - EPR/BK6785IE,Landfill,34.5 km,Yes
RH5,SOMERSET NHS FOUNDATION TRUST,SOUTH WEST COMMISSIONING REGION,ACUTE - MULTI-SERVICE,RH5F7,SHEPTON MALLET COMMUNITY HOSPITAL,BA4 4PG,51.190569,-2.562487,Frome Clinical Waste Treatment Plant and Transfer Station,Treatment,24.8 km,Yes
RH5,SOMERSET NHS FOUNDATION TRUST,SOUTH WEST COMMISSIONING REGION,ACUTE - MULTI-SERVICE,RH5F8,WEST MENDIP COMMUNITY HOSPITAL,BA6 8JD,51.160472,-2.699235,Walpole Recovery Facility and Landfill Site - EPR/BK6785IE,Landfill,26.5 km,Yes
RH5,SOMERSET NHS FOUNDATION TRUST,SOUTH WEST COMMISSIONING REGION,ACUTE - MULTI-SERVICE,RH5F9,CREWKERNE HOSPITAL,TA18 8BG,50.880112,-2.797939,South West Waste Recovery Facility,Treatment,37.0 km,Yes
RH5,SOMERSET NHS FOUNDATION TRUST,SOUTH WEST COMMISSIONING REGION,ACUTE - MULTI-SERVICE,RH5G1,SOUTH PETHERTON HOSPITAL,TA13 5AR,50.953222,-2.800489,South West Waste Recovery Facility,Treatment,39.4 km,Yes
RH5,SOMERSET NHS FOUNDATION TRUST,SOUTH WEST COMMISSIONING REGION,ACUTE - MULTI-SERVICE,RH5G2,WINCANTON COMMUNITY HOSPITAL,BA9 9DQ,51.058747,-2.418169,Frome Clinical Waste Treatment Plant and Transfer Station,Treatment,33.2 km,Yes
RH5,SOMERSET NHS FOUNDATION TRUST,SOUTH WEST COMMISSIONING REGION,ACUTE - MULTI-SERVICE,RH5G3,DENE BARTON COMMUNITY UNIT,TA4 1DD,51.037581,-3.182221,Walpole Recovery Facility and Landfill Site - EPR/BK6785IE,Landfill,32.0 km,Yes
RH5,SOMERSET NHS FOUNDATION TRUST,SOUTH WEST COMMISSIONING REGION,ACUTE - MULTI-SERVICE,RH5G5,FROME COMMUNITY HOSPITAL,BA11 2FH,51.237312,-2.311565,Frome Clinical Waste Treatment Plant and Transfer Station,Treatment,3.5 km,Yes
RH5,SOMERSET NHS FOUNDATION TRUST,SOUTH WEST COMMISSIONING REGION,ACUTE - MULTI-SERVICE,RH5H5,ST ANDREWS,BA5 1TH,51.202969,-2.655807,Frome Clinical Waste Treatment Plant and Transfer Station,Treatment,31.6 km,Yes
RH5,SOMERSET NHS FOUNDATION TRUST,SOUTH WEST COMMISSIONING REGION,ACUTE - MULTI-SERVICE,RH5K6,BRIDGWATER COMMUNITY HOSPITAL,TA6 5AH,,,N/A,N/A,0,N/A
RH5,SOMERSET NHS FOUNDATION TRUST,SOUTH WEST COMMISSIONING REGION,ACUTE - MULTI-SERVICE,RH5O4,YEOVIL DISTRICT HOSPITAL,BA21 4AT,50.944835,-2.634713,South West Waste Recovery Facility,Treatment,53.0 km,No
RH5,SOMERSET NHS FOUNDATION TRUST,SOUTH WEST COMMISSIONING REGION,ACUTE - MULTI-SERVICE,RH5ORS,OTHER REPORTABLE SITES,TA6 4RN,51.148585,-2.994789,Walpole Recovery Facility and Landfill Site - EPR/BK6785IE,Landfill,4.5 km,Yes
RH5,SOMERSET NHS FOUNDATION TRUST,SOUTH WEST COMMISSIONING REGION,ACUTE - MULTI-SERVICE,RH5Q9,MEDICAL RECORDS,TA2 8RX,51.027793,-3.08054,Walpole Recovery Facility and Landfill Site - EPR/BK6785IE,Landfill,25.0 km,Yes
RH5,SOMERSET NHS FOUNDATION TRUST,SOUTH WEST COMMISSIONING REGION,ACUTE - MULTI-SERVICE,RH5S9,THE EXCHANGE,TA6 4RR,51.145671,-2.991609,Walpole Recovery Facility and Landfill Site - EPR/BK6785IE,Landfill,4.4 km,Yes
RH5,SOMERSET NHS FOUNDATION TRUST,SOUTH WEST COMMISSIONING REGION,ACUTE - MULTI-SERVICE,RH5U8,EAST REACH CLINIC,TA1 3ES,51.015717,-3.092933,Walpole Recovery Facility and Landfill Site - EPR/BK6785IE,Landfill,24.3 km,Yes
RH5,SOMERSET NHS FOUNDATION TRUST,SOUTH WEST COMMISSIONING REGION,ACUTE - MULTI-SERVICE,T9B5Q,DIAGNOSTIC OPHTHALMOLOGY CENTRE,TA1 2PX,51.014077,-3.068003,Walpole Recovery Facility and Landfill Site - EPR/BK6785IE,Landfill,21.7 km,Yes
RH5,SOMERSET NHS FOUNDATION TRUST,SOUTH WEST COMMISSIONING REGION,ACUTE - MULTI-SERVICE,U2K0F,YEOVIL MEDICAL RECORDS,BA22 8RP,50.948825,-2.681418,South West Waste Recovery Facility,Treatment,51.0 km,No
RH8,ROYAL DEVON UNIVERSITY HEALTHCARE NHS FOUNDATION TRUST,SOUTH WEST COMMISSIONING REGION,ACUTE - LARGE,E8Q7Z,HOLSWORTHY HOSPITAL,EX22 6JQ,50.818314,-4.34969,Exeter City Council M R F,Treatment,71.9 km,No
RH8,ROYAL DEVON UNIVERSITY HEALTHCARE NHS FOUNDATION TRUST,SOUTH WEST COMMISSIONING REGION,ACUTE - LARGE,J7S5V,KESTREL PPE STORE,EX2 7LA,50.718208,-3.467488,Exeter City Council M R F,Treatment,12.3 km,Yes
RH8,ROYAL DEVON UNIVERSITY HEALTHCARE NHS FOUNDATION TRUST,SOUTH WEST COMMISSIONING REGION,ACUTE - LARGE,K0K6H,ILFRACOMBE HOSPITAL,EX34 8JF,51.204513,-4.124444,Exeter City Council M R F,Treatment,114 km,No
RH8,ROYAL DEVON UNIVERSITY HEALTHCARE NHS FOUNDATION TRUST,SOUTH WEST COMMISSIONING REGION,ACUTE - LARGE,K6V4F,TORRINGTON HOSPITAL,EX38 7BJ,50.954721,-4.136994,Exeter City Council M R F,Treatment,66.0 km,No
RH8,ROYAL DEVON UNIVERSITY HEALTHCARE NHS FOUNDATION TRUST,SOUTH WEST COMMISSIONING REGION,ACUTE - LARGE,L4L6K,BARNSTAPLE HEALTH CENTRE,EX32 7BH,51.083289,-4.056102,Exeter City Council M R F,Treatment,93.1 km,No
RH8,ROYAL DEVON UNIVERSITY HEALTHCARE NHS FOUNDATION TRUST,SOUTH WEST COMMISSIONING REGION,ACUTE - LARGE,RH801,ROYAL DEVON & EXETER HOSPITAL (WONFORD),EX2 5DW,50.716692,-3.506694,Exeter City Council M R F,Treatment,4.7 km,Yes
RH8,ROYAL DEVON UNIVERSITY HEALTHCARE NHS FOUNDATION TRUST,SOUTH WEST COMMISSIONING REGION,ACUTE - LARGE,RH802,HEAVITREE HOSPITAL ,EX1 2ED,50.724743,-3.514193,Exeter City Council M R F,Treatment,4.0 km,Yes
RH8,ROYAL DEVON UNIVERSITY HEALTHCARE NHS FOUNDATION TRUST,SOUTH WEST COMMISSIONING REGION,ACUTE - LARGE,RH833,OKEHAMPTON COMMUNITY HOSPITAL,EX20 1PN,50.741905,-3.997224,Exeter City Council M R F,Treatment,37.7 km,Yes
RH8,ROYAL DEVON UNIVERSITY HEALTHCARE NHS FOUNDATION TRUST,SOUTH WEST COMMISSIONING REGION,ACUTE - LARGE,RH834,OTTERY ST MARY HOSPITAL,EX11 1DN,50.750103,-3.291587,South West Waste Recovery Facility,Treatment,14.9 km,Yes
RH8,ROYAL DEVON UNIVERSITY HEALTHCARE NHS FOUNDATION TRUST,SOUTH WEST COMMISSIONING REGION,ACUTE - LARGE,RH836,CREDITON HOSPITAL,EX17 3NH,50.792363,-3.674143,Exeter City Council M R F,Treatment,16.4 km,Yes
RH8,ROYAL DEVON UNIVERSITY HEALTHCARE NHS FOUNDATION TRUST,SOUTH WEST COMMISSIONING REGION,ACUTE - LARGE,RH837,SOUTH MOLTON HOSPITAL,EX36 4DP,51.017013,-3.839455,Exeter City Council M R F,Treatment,76.4 km,No
RH8,ROYAL DEVON UNIVERSITY HEALTHCARE NHS FOUNDATION TRUST,SOUTH WEST COMMISSIONING REGION,ACUTE - LARGE,RH853,TIVERTON & DISTRICT HOSPITAL,EX16 6AN,,,N/A,N/A,0,N/A
RH8,ROYAL DEVON UNIVERSITY HEALTHCARE NHS FOUNDATION TRUST,SOUTH WEST COMMISSIONING REGION,ACUTE - LARGE,RH854,HONITON HOSPITAL,EX14 2DE,50.794917,-3.186587,South West Waste Recovery Facility,Treatment,2.4 km,Yes
RH8,ROYAL DEVON UNIVERSITY HEALTHCARE NHS FOUNDATION TRUST,SOUTH WEST COMMISSIONING REGION,ACUTE - LARGE,RH857,AXMINSTER HOSPITAL,EX13 5DU,50.783882,-2.996275,South West Waste Recovery Facility,Treatment,18.0 km,Yes
RH8,ROYAL DEVON UNIVERSITY HEALTHCARE NHS FOUNDATION TRUST,SOUTH WEST COMMISSIONING REGION,ACUTE - LARGE,RH858,EXMOUTH HOSPITAL,EX8 2JN,50.620533,-3.401621,Exeter City Council M R F,Treatment,17.9 km,Yes
RH8,ROYAL DEVON UNIVERSITY HEALTHCARE NHS FOUNDATION TRUST,SOUTH WEST COMMISSIONING REGION,ACUTE - LARGE,RH859,VICTORIA HOSPITAL (SIDMOUTH),EX10 8EW,50.681599,-3.239667,South West Waste Recovery Facility,Treatment,14.8 km,Yes
RH8,ROYAL DEVON UNIVERSITY HEALTHCARE NHS FOUNDATION TRUST,SOUTH WEST COMMISSIONING REGION,ACUTE - LARGE,RH868,MARDON HOUSE,EX2 4UD,50.716577,-3.513462,Exeter City Council M R F,Treatment,4.8 km,Yes
RH8,ROYAL DEVON UNIVERSITY HEALTHCARE NHS FOUNDATION TRUST,SOUTH WEST COMMISSIONING REGION,ACUTE - LARGE,RH879,SOUTH DEVON RENAL UNIT,TQ2 7JF,50.484842,-3.572271,Heathfield Landfill EPR/BV7028IP,Landfill,13.3 km,Yes
RH8,ROYAL DEVON UNIVERSITY HEALTHCARE NHS FOUNDATION TRUST,SOUTH WEST COMMISSIONING REGION,ACUTE - LARGE,RH880,NORTH DEVON DISTRICT HOSPITAL,EX31 4JB,51.092166,-4.050455,Exeter City Council M R F,Treatment,95.2 km,No
RH8,ROYAL DEVON UNIVERSITY HEALTHCARE NHS FOUNDATION TRUST,SOUTH WEST COMMISSIONING REGION,ACUTE - LARGE,RH8A1,"NEWCOURT HOUSE, EXETER",EX2 7JU,50.703677,-3.477967,Exeter City Council M R F,Treatment,6.1 km,Yes
RH8,ROYAL DEVON UNIVERSITY HEALTHCARE NHS FOUNDATION TRUST,SOUTH WEST COMMISSIONING REGION,ACUTE - LARGE,RH8A4,SEATON HOSPITAL,EX12 2UU,50.711792,-3.071515,South West Waste Recovery Facility,Treatment,19.9 km,Yes
RH8,ROYAL DEVON UNIVERSITY HEALTHCARE NHS FOUNDATION TRUST,SOUTH WEST COMMISSIONING REGION,ACUTE - LARGE,RH8D6,EXETER COMMUNITY HOSPITAL,EX1 3RB,50.730966,-3.484168,Exeter City Council M R F,Treatment,8.9 km,Yes
RH8,ROYAL DEVON UNIVERSITY HEALTHCARE NHS FOUNDATION TRUST,SOUTH WEST COMMISSIONING REGION,ACUTE - LARGE,RH8G6,BIDEFORD HOSPITAL,EX39 3AG,51.017812,-4.212783,Exeter City Council M R F,Treatment,76.9 km,No
RH8,ROYAL DEVON UNIVERSITY HEALTHCARE NHS FOUNDATION TRUST,SOUTH WEST COMMISSIONING REGION,ACUTE - LARGE,RH8H8,NHS WALK-IN CENTRE - EXETER,EX4 6NN,50.726374,-3.525637,Exeter City Council M R F,Treatment,4.0 km,Yes
RH8,ROYAL DEVON UNIVERSITY HEALTHCARE NHS FOUNDATION TRUST,SOUTH WEST COMMISSIONING REGION,ACUTE - LARGE,RH8K6,NHS NIGHTINGALE HOSPITAL EXETER,EX2 7JG,50.724639,-3.464586,Exeter City Council M R F,Treatment,13.0 km,Yes
RH8,ROYAL DEVON UNIVERSITY HEALTHCARE NHS FOUNDATION TRUST,SOUTH WEST COMMISSIONING REGION,ACUTE - LARGE,RH8ORS,OTHER REPORTABLE SITES,EX2 5DW,50.716692,-3.506694,Exeter City Council M R F,Treatment,4.7 km,Yes
RH8,ROYAL DEVON UNIVERSITY HEALTHCARE NHS FOUNDATION TRUST,SOUTH WEST COMMISSIONING REGION,ACUTE - LARGE,V2W0R,DEVONSHIRE HOUSE,EX31 1QN,51.084544,-4.081731,Exeter City Council M R F,Treatment,96.2 km,No
RJ8,CORNWALL PARTNERSHIP NHS FOUNDATION TRUST,SOUTH WEST COMMISSIONING REGION,MENTAL HEALTH AND LEARNING DISABILITY,RJ801,ST AUSTELL COMMUNITY HOSPITAL,PL26 6AD,50.327864,-4.772405,Stoneybridge Park EPR/YP3934SM,Incineration,35.0 km,Yes
RJ8,CORNWALL PARTNERSHIP NHS FOUNDATION TRUST,SOUTH WEST COMMISSIONING REGION,MENTAL HEALTH AND LEARNING DISABILITY,RJ805,HELSTON HOSPITAL,TR13 8DR,50.091946,-5.264928,Stoneybridge Park EPR/YP3934SM,Incineration,89.4 km,No
RJ8,CORNWALL PARTNERSHIP NHS FOUNDATION TRUST,SOUTH WEST COMMISSIONING REGION,MENTAL HEALTH AND LEARNING DISABILITY,RJ807,NEWQUAY HOSPITAL,TR7 1RQ,50.411047,-5.074255,Stoneybridge Park EPR/YP3934SM,Incineration,53.1 km,No
RJ8,CORNWALL PARTNERSHIP NHS FOUNDATION TRUST,SOUTH WEST COMMISSIONING REGION,MENTAL HEALTH AND LEARNING DISABILITY,RJ809,ST MARY'S HOSPITAL,TR21 0LE,49.913046,-6.309354,No Route Found,N/A,0,No
RJ8,CORNWALL PARTNERSHIP NHS FOUNDATION TRUST,SOUTH WEST COMMISSIONING REGION,MENTAL HEALTH AND LEARNING DISABILITY,RJ80G-X,SOWENNA UNIT,PL31 2QN,50.471755,-4.740858,Stoneybridge Park EPR/YP3934SM,Incineration,26.5 km,Yes
RJ8,CORNWALL PARTNERSHIP NHS FOUNDATION TRUST,SOUTH WEST COMMISSIONING REGION,MENTAL HEALTH AND LEARNING DISABILITY,RJ815,BOLITHO HOSPITAL,TR18 4NY,50.111385,-5.548623,Stoneybridge Park EPR/YP3934SM,Incineration,101 km,No
RJ8,CORNWALL PARTNERSHIP NHS FOUNDATION TRUST,SOUTH WEST COMMISSIONING REGION,MENTAL HEALTH AND LEARNING DISABILITY,RJ817,CAMBORNE REDRUTH COMMUNITY HOSPITAL,TR15 3ER,50.229371,-5.244424,Stoneybridge Park EPR/YP3934SM,Incineration,72.4 km,No
RJ8,CORNWALL PARTNERSHIP NHS FOUNDATION TRUST,SOUTH WEST COMMISSIONING REGION,MENTAL HEALTH AND LEARNING DISABILITY,RJ823,TREVILLIS,PL14 4EN,50.44387,-4.470624,Stoneybridge Park EPR/YP3934SM,Incineration,3.5 km,Yes
RJ8,CORNWALL PARTNERSHIP NHS FOUNDATION TRUST,SOUTH WEST COMMISSIONING REGION,MENTAL HEALTH AND LEARNING DISABILITY,RJ842,FALMOUTH HOSPITAL,TR11 2JA,50.155671,-5.086189,Stoneybridge Park EPR/YP3934SM,Incineration,83.4 km,No
RJ8,CORNWALL PARTNERSHIP NHS FOUNDATION TRUST,SOUTH WEST COMMISSIONING REGION,MENTAL HEALTH AND LEARNING DISABILITY,RJ851,KERNOW BUILDING,TR15 2SP,50.232399,-5.22909,Stoneybridge Park EPR/YP3934SM,Incineration,71.7 km,No
RJ8,CORNWALL PARTNERSHIP NHS FOUNDATION TRUST,SOUTH WEST COMMISSIONING REGION,MENTAL HEALTH AND LEARNING DISABILITY,RJ860,"HELSTON HEALTH OFFICES, TRENGROUSE WAY",TR13 8AX,50.100683,-5.271872,Stoneybridge Park EPR/YP3934SM,Incineration,88.8 km,No
RJ8,CORNWALL PARTNERSHIP NHS FOUNDATION TRUST,SOUTH WEST COMMISSIONING REGION,MENTAL HEALTH AND LEARNING DISABILITY,RJ862,BANHAM HOUSE,PL31 2QT,50.468561,-4.741998,Stoneybridge Park EPR/YP3934SM,Incineration,26.4 km,Yes
RJ8,CORNWALL PARTNERSHIP NHS FOUNDATION TRUST,SOUTH WEST COMMISSIONING REGION,MENTAL HEALTH AND LEARNING DISABILITY,RJ863,LONGREACH HOUSE,TR15 3ER,50.229371,-5.244424,Stoneybridge Park EPR/YP3934SM,Incineration,72.4 km,No
RJ8,CORNWALL PARTNERSHIP NHS FOUNDATION TRUST,SOUTH WEST COMMISSIONING REGION,MENTAL HEALTH AND LEARNING DISABILITY,RJ866,BODMIN HOSPITAL,PL31 2QT,50.468561,-4.741998,Stoneybridge Park EPR/YP3934SM,Incineration,26.4 km,Yes
RJ8,CORNWALL PARTNERSHIP NHS FOUNDATION TRUST,SOUTH WEST COMMISSIONING REGION,MENTAL HEALTH AND LEARNING DISABILITY,RJ867,STRATTON HOSPITAL,EX23 9BR,50.830739,-4.517572,Stoneybridge Park EPR/YP3934SM,Incineration,58.6 km,No
RJ8,CORNWALL PARTNERSHIP NHS FOUNDATION TRUST,SOUTH WEST COMMISSIONING REGION,MENTAL HEALTH AND LEARNING DISABILITY,RJ870,LAUNCESTON HOSPITAL,PL15 9JD,50.628374,-4.359805,Stoneybridge Park EPR/YP3934SM,Incineration,24.9 km,Yes
RJ8,CORNWALL PARTNERSHIP NHS FOUNDATION TRUST,SOUTH WEST COMMISSIONING REGION,MENTAL HEALTH AND LEARNING DISABILITY,RJ8A3,LISKEARD COMMUNITY HOSPITAL,PL14 3XD,50.461573,-4.451016,Stoneybridge Park EPR/YP3934SM,Incineration,1.4 km,Yes
RJ8,CORNWALL PARTNERSHIP NHS FOUNDATION TRUST,SOUTH WEST COMMISSIONING REGION,MENTAL HEALTH AND LEARNING DISABILITY,RJ8A4,ST BARNABAS HOSPITAL,PL12 4BU,50.407319,-4.214082,Derriford Incinerator EPR/GP3236AX/T001,Incineration,9.8 km,Yes
RJ8,CORNWALL PARTNERSHIP NHS FOUNDATION TRUST,SOUTH WEST COMMISSIONING REGION,MENTAL HEALTH AND LEARNING DISABILITY,RJ8A7,BODMIN HEALTH CENTRE,PL31 2LB,50.472848,-4.72264,Stoneybridge Park EPR/YP3934SM,Incineration,24.3 km,Yes
RJ8,CORNWALL PARTNERSHIP NHS FOUNDATION TRUST,SOUTH WEST COMMISSIONING REGION,MENTAL HEALTH AND LEARNING DISABILITY,RJ8C8,FALMOUTH HEALTH CENTRE,TR11 2LH,50.156385,-5.086067,Stoneybridge Park EPR/YP3934SM,Incineration,83.4 km,No
RJ8,CORNWALL PARTNERSHIP NHS FOUNDATION TRUST,SOUTH WEST COMMISSIONING REGION,MENTAL HEALTH AND LEARNING DISABILITY,RJ8E2,BELLAIR HEALTH OFFICE,TR18 4TA,50.117689,-5.542555,Stoneybridge Park EPR/YP3934SM,Incineration,99.6 km,No
RJ8,CORNWALL PARTNERSHIP NHS FOUNDATION TRUST,SOUTH WEST COMMISSIONING REGION,MENTAL HEALTH AND LEARNING DISABILITY,RJ8E3,CAMBORNE HEALTH OFFICE,TR14 7DL,50.213378,-5.303706,Stoneybridge Park EPR/YP3934SM,Incineration,78.4 km,No
RJ8,CORNWALL PARTNERSHIP NHS FOUNDATION TRUST,SOUTH WEST COMMISSIONING REGION,MENTAL HEALTH AND LEARNING DISABILITY,RJ8J8,TRURO HEALTH PARK,TR1 2JA,50.259971,-5.055912,Stoneybridge Park EPR/YP3934SM,Incineration,62.4 km,No
RJ8,CORNWALL PARTNERSHIP NHS FOUNDATION TRUST,SOUTH WEST COMMISSIONING REGION,MENTAL HEALTH AND LEARNING DISABILITY,RJ8ORS,OTHER REPORTABLE SITES,PL26 6AD,50.327864,-4.772405,Stoneybridge Park EPR/YP3934SM,Incineration,35.0 km,Yes
RJ8,CORNWALL PARTNERSHIP NHS FOUNDATION TRUST,SOUTH WEST COMMISSIONING REGION,MENTAL HEALTH AND LEARNING DISABILITY,VNAAX,CAREW HOUSE (HEAD OFFICE),PL31 2QN,50.471755,-4.740858,Stoneybridge Park EPR/YP3934SM,Incineration,26.5 km,Yes
RK9,UNIVERSITY HOSPITALS PLYMOUTH NHS TRUST,SOUTH WEST COMMISSIONING REGION,ACUTE - TEACHING,A3C6M,UNIT 4 (BUSH PARK),PL6 7RG,50.414039,-4.089593,Derriford Incinerator EPR/GP3236AX/T001,Incineration,3.6 km,Yes
RK9,UNIVERSITY HOSPITALS PLYMOUTH NHS TRUST,SOUTH WEST COMMISSIONING REGION,ACUTE - TEACHING,A3K7K,RESIDENCES - PLYMBRIDGE,PL6 8AJ,50.419685,-4.119124,Derriford Incinerator EPR/GP3236AX/T001,Incineration,1.4 km,Yes
RK9,UNIVERSITY HOSPITALS PLYMOUTH NHS TRUST,SOUTH WEST COMMISSIONING REGION,ACUTE - TEACHING,A8N8J,PENINSULA COLLEGE OF MEDICINE,PL6 8BU,50.417212,-4.110159,Derriford Incinerator EPR/GP3236AX/T001,Incineration,0.7 km,Yes
RK9,UNIVERSITY HOSPITALS PLYMOUTH NHS TRUST,SOUTH WEST COMMISSIONING REGION,ACUTE - TEACHING,C7C1D,BIRCHAM HOUSE,PL6 5WR,50.41139,-4.121161,Derriford Incinerator EPR/GP3236AX/T001,Incineration,2.5 km,Yes
RK9,UNIVERSITY HOSPITALS PLYMOUTH NHS TRUST,SOUTH WEST COMMISSIONING REGION,ACUTE - TEACHING,H5R4Z,PENINSULA RADIOLOGY,PL6 5WR,50.41139,-4.121161,Derriford Incinerator EPR/GP3236AX/T001,Incineration,2.5 km,Yes
RK9,UNIVERSITY HOSPITALS PLYMOUTH NHS TRUST,SOUTH WEST COMMISSIONING REGION,ACUTE - TEACHING,L0N3Y,UHP WAREHOUSE,PL6 7EZ,50.44613,-4.119488,Derriford Incinerator EPR/GP3236AX/T001,Incineration,5.1 km,Yes
RK9,UNIVERSITY HOSPITALS PLYMOUTH NHS TRUST,SOUTH WEST COMMISSIONING REGION,ACUTE - TEACHING,M2H2H,NU BUILDING,PL6 5YE,50.416671,-4.121115,Derriford Incinerator EPR/GP3236AX/T001,Incineration,2.7 km,Yes
RK9,UNIVERSITY HOSPITALS PLYMOUTH NHS TRUST,SOUTH WEST COMMISSIONING REGION,ACUTE - TEACHING,P2G6V,RIVERFORD HOUSE,PL6 7PL,50.421952,-4.087745,Derriford Incinerator EPR/GP3236AX/T001,Incineration,4.3 km,Yes
RK9,UNIVERSITY HOSPITALS PLYMOUTH NHS TRUST,SOUTH WEST COMMISSIONING REGION,ACUTE - TEACHING,RK901,MOUNT GOULD HOSPITAL,PL4 7QD,50.37838,-4.112782,Derriford Incinerator EPR/GP3236AX/T001,Incineration,9.4 km,Yes
RK9,UNIVERSITY HOSPITALS PLYMOUTH NHS TRUST,SOUTH WEST COMMISSIONING REGION,ACUTE - TEACHING,RK906,"CUMBERLAND CENTRE, DAMEREL CLOSE",PL1 4JZ,50.369991,-4.167875,Derriford Incinerator EPR/GP3236AX/T001,Incineration,8.7 km,Yes
RK9,UNIVERSITY HOSPITALS PLYMOUTH NHS TRUST,SOUTH WEST COMMISSIONING REGION,ACUTE - TEACHING,RK922,TAVISTOCK HOSPITAL,PL19 8LD,50.547167,-4.153604,Derriford Incinerator EPR/GP3236AX/T001,Incineration,19.3 km,Yes
RK9,UNIVERSITY HOSPITALS PLYMOUTH NHS TRUST,SOUTH WEST COMMISSIONING REGION,ACUTE - TEACHING,RK925,SCOTT HOSPITAL,PL2 2PQ,50.390636,-4.161922,Derriford Incinerator EPR/GP3236AX/T001,Incineration,5.8 km,Yes
RK9,UNIVERSITY HOSPITALS PLYMOUTH NHS TRUST,SOUTH WEST COMMISSIONING REGION,ACUTE - TEACHING,RK935,SOUTH HAMS HOSPITAL,TQ7 1AT,50.28869,-3.778849,Heathfield Landfill EPR/BV7028IP,Landfill,44.7 km,Yes
RK9,UNIVERSITY HOSPITALS PLYMOUTH NHS TRUST,SOUTH WEST COMMISSIONING REGION,ACUTE - TEACHING,RK950,DERRIFORD HOSPITAL,PL6 8DH,50.416707,-4.113712,Derriford Incinerator EPR/GP3236AX/T001,Incineration,0.6 km,Yes
RK9,UNIVERSITY HOSPITALS PLYMOUTH NHS TRUST,SOUTH WEST COMMISSIONING REGION,ACUTE - TEACHING,RK953,ROYAL EYE INFIRMARY,PL4 6PL,,,N/A,N/A,0,N/A
RK9,UNIVERSITY HOSPITALS PLYMOUTH NHS TRUST,SOUTH WEST COMMISSIONING REGION,ACUTE - TEACHING,RK959,MOUNT GOULD LOCAL CARE CENTRE,PL4 7PY,50.378822,-4.116642,Derriford Incinerator EPR/GP3236AX/T001,Incineration,7.5 km,Yes
RK9,UNIVERSITY HOSPITALS PLYMOUTH NHS TRUST,SOUTH WEST COMMISSIONING REGION,ACUTE - TEACHING,RK960,THE PLYMOUTH DIALYSIS UNIT,PL6 7FL,50.418836,-4.093915,Derriford Incinerator EPR/GP3236AX/T001,Incineration,4.1 km,Yes
RK9,UNIVERSITY HOSPITALS PLYMOUTH NHS TRUST,SOUTH WEST COMMISSIONING REGION,ACUTE - TEACHING,RK9ORS,OTHER REPORTABLE SITES,PL6 8DH,50.416707,-4.113712,Derriford Incinerator EPR/GP3236AX/T001,Incineration,0.6 km,Yes
RK9,UNIVERSITY HOSPITALS PLYMOUTH NHS TRUST,SOUTH WEST COMMISSIONING REGION,ACUTE - TEACHING,T5Q9D,UNIVERSITY HOSPITALS PLYMOUTH ESTOVER,PL6 7LX,50.420865,-4.094145,Derriford Incinerator EPR/GP3236AX/T001,Incineration,3.8 km,Yes
RK9,UNIVERSITY HOSPITALS PLYMOUTH NHS TRUST,SOUTH WEST COMMISSIONING REGION,ACUTE - TEACHING,Z2K9J,DIGITAL AND INNOVATION,PL6 8BT,50.415786,-4.108449,Derriford Incinerator EPR/GP3236AX/T001,Incineration,0.9 km,Yes
RK9,UNIVERSITY HOSPITALS PLYMOUTH NHS TRUST,SOUTH WEST COMMISSIONING REGION,ACUTE - TEACHING,Z3H9N,BRIDGE HOUSE,PL6 7PL,50.421952,-4.087745,Derriford Incinerator EPR/GP3236AX/T001,Incineration,4.3 km,Yes
RN3,GREAT WESTERN HOSPITALS NHS FOUNDATION TRUST,SOUTH WEST COMMISSIONING REGION,ACUTE - MEDIUM,RN325,GREAT WESTERN HOSPITAL,SN3 6BB,51.538529,-1.727188,Swindon Clinical Waste Transfer and Treatment Facility - EPR/CP3138QD,Treatment,6.9 km,Yes
RN3,GREAT WESTERN HOSPITALS NHS FOUNDATION TRUST,SOUTH WEST COMMISSIONING REGION,ACUTE - MEDIUM,RN339,WEST SWINDON HEALTH CENTRE,SN5 7DL,51.558468,-1.829544,Waterside Park - EPR/KP3191EK,Treatment,4.3 km,Yes
RN3,GREAT WESTERN HOSPITALS NHS FOUNDATION TRUST,SOUTH WEST COMMISSIONING REGION,ACUTE - MEDIUM,RN3FJ,ELDENE HEALTH CENTRE,SN3 3RZ,51.554535,-1.735746,Swindon Clinical Waste Transfer and Treatment Facility - EPR/CP3138QD,Treatment,6.6 km,Yes
RN3,GREAT WESTERN HOSPITALS NHS FOUNDATION TRUST,SOUTH WEST COMMISSIONING REGION,ACUTE - MEDIUM,RN3G2,SWINDON INTERMEDIATE CARE CENTRE,SN3 6BW,51.538805,-1.725917,Swindon Clinical Waste Transfer and Treatment Facility - EPR/CP3138QD,Treatment,6.8 km,Yes
RN3,GREAT WESTERN HOSPITALS NHS FOUNDATION TRUST,SOUTH WEST COMMISSIONING REGION,ACUTE - MEDIUM,RN3J5,WHALEBRIDGE NHS HEALTH CENTRE (SWINDON HEALTH CENTRE),SN1 2DQ,51.5623,-1.781591,Swindon Clinical Waste Transfer and Treatment Facility - EPR/CP3138QD,Treatment,3.1 km,Yes
RN3,GREAT WESTERN HOSPITALS NHS FOUNDATION TRUST,SOUTH WEST COMMISSIONING REGION,ACUTE - MEDIUM,RN3J8,ORBITAL,SN25 4AN,51.597124,-1.807352,Swindon Clinical Waste Transfer and Treatment Facility - EPR/CP3138QD,Treatment,5.4 km,Yes
RN3,GREAT WESTERN HOSPITALS NHS FOUNDATION TRUST,SOUTH WEST COMMISSIONING REGION,ACUTE - MEDIUM,RN3ORS,OTHER REPORTABLE SITES,SN3 6BB,51.538529,-1.727188,Swindon Clinical Waste Transfer and Treatment Facility - EPR/CP3138QD,Treatment,6.9 km,Yes
RNU,OXFORD HEALTH NHS FOUNDATION TRUST,SOUTH EAST COMMISSIONING REGION,MENTAL HEALTH AND LEARNING DISABILITY,RNUAM,SAVERNAKE HOSPITAL,SN8 3HL,51.415406,-1.704914,Lower Compton Landfill EPR/BU5801ID,Landfill,21.3 km,Yes
RNZ,SALISBURY NHS FOUNDATION TRUST,SOUTH WEST COMMISSIONING REGION,ACUTE - SMALL,RNZ02,SALISBURY DISTRICT HOSPITAL,SP2 8BJ,51.04394,-1.789814,Churchfields Depot,Treatment,4.8 km,Yes
RTE,GLOUCESTERSHIRE HOSPITALS NHS FOUNDATION TRUST,SOUTH WEST COMMISSIONING REGION,ACUTE - LARGE,F7F9Z,GLOUCESTERSHIRE QUAYSIDE CDC,GL1 2TZ,51.866202,-2.251588,Avonmouth Treatment Centre  EPR/KP3937DU,Incineration,55.1 km,Yes
RTE,GLOUCESTERSHIRE HOSPITALS NHS FOUNDATION TRUST,SOUTH WEST COMMISSIONING REGION,ACUTE - LARGE,G4V1K,RIVERSIDE HOUSE,GL53 7QB,51.892256,-2.067618,Swindon Clinical Waste Transfer and Treatment Facility - EPR/CP3138QD,Treatment,46.2 km,Yes
RTE,GLOUCESTERSHIRE HOSPITALS NHS FOUNDATION TRUST,SOUTH WEST COMMISSIONING REGION,ACUTE - LARGE,I2I6L,COLLEGE BATHS,GL53 7QB,51.892256,-2.067618,Swindon Clinical Waste Transfer and Treatment Facility - EPR/CP3138QD,Treatment,46.2 km,Yes
RTE,GLOUCESTERSHIRE HOSPITALS NHS FOUNDATION TRUST,SOUTH WEST COMMISSIONING REGION,ACUTE - LARGE,J0A2D,ASPEN MEDICAL CENTRE,GL1 3PX,51.865641,-2.226895,Swindon Clinical Waste Transfer and Treatment Facility - EPR/CP3138QD,Treatment,50.4 km,Yes
RTE,GLOUCESTERSHIRE HOSPITALS NHS FOUNDATION TRUST,SOUTH WEST COMMISSIONING REGION,ACUTE - LARGE,Q6Y5P,THE WAREHOUSE,GL1 3PZ,51.864229,-2.231536,Swindon Clinical Waste Transfer and Treatment Facility - EPR/CP3138QD,Treatment,50.9 km,Yes
RTE,GLOUCESTERSHIRE HOSPITALS NHS FOUNDATION TRUST,SOUTH WEST COMMISSIONING REGION,ACUTE - LARGE,RTE01,CHELTENHAM GENERAL HOSPITAL,GL53 7AN,51.892128,-2.071875,Swindon Clinical Waste Transfer and Treatment Facility - EPR/CP3138QD,Treatment,46.5 km,Yes
RTE,GLOUCESTERSHIRE HOSPITALS NHS FOUNDATION TRUST,SOUTH WEST COMMISSIONING REGION,ACUTE - LARGE,RTE03,GLOUCESTER ROYAL HOSPITAL,GL1 3NN,51.866386,-2.232069,Swindon Clinical Waste Transfer and Treatment Facility - EPR/CP3138QD,Treatment,50.7 km,Yes
RTE,GLOUCESTERSHIRE HOSPITALS NHS FOUNDATION TRUST,SOUTH WEST COMMISSIONING REGION,ACUTE - LARGE,RTE07,"VICTORIA WAREHOUSE, GLOUCESTER",GL1 2EL,51.863587,-2.250876,Avonmouth Treatment Centre  EPR/KP3937DU,Incineration,55.1 km,Yes
RTE,GLOUCESTERSHIRE HOSPITALS NHS FOUNDATION TRUST,SOUTH WEST COMMISSIONING REGION,ACUTE - LARGE,RTE23,CIRENCESTER HOSPITAL,GL7 1UY,51.712109,-1.975629,Swindon Clinical Waste Transfer and Treatment Facility - EPR/CP3138QD,Treatment,22.6 km,Yes
RTE,GLOUCESTERSHIRE HOSPITALS NHS FOUNDATION TRUST,SOUTH WEST COMMISSIONING REGION,ACUTE - LARGE,RTE27,STROUD MATERNITY HOSPITAL,GL5 2JB,51.742298,-2.208853,Avonmouth Treatment Centre  EPR/KP3937DU,Incineration,51.4 km,Yes
RTE,GLOUCESTERSHIRE HOSPITALS NHS FOUNDATION TRUST,SOUTH WEST COMMISSIONING REGION,ACUTE - LARGE,RTE57,THIRLESTAINE BREAST CENTRE,GL53 7AS,51.888479,-2.069864,Swindon Clinical Waste Transfer and Treatment Facility - EPR/CP3138QD,Treatment,45.9 km,Yes
RTE,GLOUCESTERSHIRE HOSPITALS NHS FOUNDATION TRUST,SOUTH WEST COMMISSIONING REGION,ACUTE - LARGE,RTE83,HEREFORD COUNTY HOSPITAL,HR1 2ER,52.058529,-2.707776,Avonmouth Treatment Centre  EPR/KP3937DU,Incineration,95.0 km,No
RTE,GLOUCESTERSHIRE HOSPITALS NHS FOUNDATION TRUST,SOUTH WEST COMMISSIONING REGION,ACUTE - LARGE,RTE93,CINDERFORD DIALYSIS UNIT ,GL14 3JE,51.836843,-2.512554,Avonmouth Treatment Centre  EPR/KP3937DU,Incineration,79.6 km,No
RTE,GLOUCESTERSHIRE HOSPITALS NHS FOUNDATION TRUST,SOUTH WEST COMMISSIONING REGION,ACUTE - LARGE,RTEORS,OTHER REPORTABLE SITES,GL53 7AG,51.89105,-2.070522,Swindon Clinical Waste Transfer and Treatment Facility - EPR/CP3138QD,Treatment,46.2 km,Yes
RTE,GLOUCESTERSHIRE HOSPITALS NHS FOUNDATION TRUST,SOUTH WEST COMMISSIONING REGION,ACUTE - LARGE,Z9N4I,SANDFORD EDUCATION CENTRE,GL53 7PX,51.89239,-2.069405,Swindon Clinical Waste Transfer and Treatment Facility - EPR/CP3138QD,Treatment,46.3 km,Yes
RTQ,GLOUCESTERSHIRE HEALTH AND CARE NHS FOUNDATION TRUST,SOUTH WEST COMMISSIONING REGION,MENTAL HEALTH AND LEARNING DISABILITY,RTQ01,CHARLTON LANE,GL53 9DZ,51.881059,-2.073674,Swindon Clinical Waste Transfer and Treatment Facility - EPR/CP3138QD,Treatment,45.0 km,Yes
RTQ,GLOUCESTERSHIRE HEALTH AND CARE NHS FOUNDATION TRUST,SOUTH WEST COMMISSIONING REGION,MENTAL HEALTH AND LEARNING DISABILITY,RTQ02,WOTTON LAWN,GL1 3PX,51.865641,-2.226895,Swindon Clinical Waste Transfer and Treatment Facility - EPR/CP3138QD,Treatment,50.4 km,Yes
RTQ,GLOUCESTERSHIRE HEALTH AND CARE NHS FOUNDATION TRUST,SOUTH WEST COMMISSIONING REGION,MENTAL HEALTH AND LEARNING DISABILITY,RTQ03,GLOUCESTERSHIRE ROYAL HOSPITAL,GL1 3NN,51.866386,-2.232069,Swindon Clinical Waste Transfer and Treatment Facility - EPR/CP3138QD,Treatment,50.7 km,Yes
RTQ,GLOUCESTERSHIRE HEALTH AND CARE NHS FOUNDATION TRUST,SOUTH WEST COMMISSIONING REGION,MENTAL HEALTH AND LEARNING DISABILITY,RTQ04,STROUD GENERAL HOSPITAL,GL5 2HY,51.743027,-2.208132,Avonmouth Treatment Centre  EPR/KP3937DU,Incineration,51.3 km,Yes
RTQ,GLOUCESTERSHIRE HEALTH AND CARE NHS FOUNDATION TRUST,SOUTH WEST COMMISSIONING REGION,MENTAL HEALTH AND LEARNING DISABILITY,RTQ07,"AVON HOUSE, TEWKESBURY",GL20 5SJ,51.991786,-2.160028,Swindon Clinical Waste Transfer and Treatment Facility - EPR/CP3138QD,Treatment,64.5 km,No
RTQ,GLOUCESTERSHIRE HEALTH AND CARE NHS FOUNDATION TRUST,SOUTH WEST COMMISSIONING REGION,MENTAL HEALTH AND LEARNING DISABILITY,RTQ0A,PULLMAN PLACE,GL1 3NF,51.866796,-2.238317,Swindon Clinical Waste Transfer and Treatment Facility - EPR/CP3138QD,Treatment,51.0 km,Yes
RTQ,GLOUCESTERSHIRE HEALTH AND CARE NHS FOUNDATION TRUST,SOUTH WEST COMMISSIONING REGION,MENTAL HEALTH AND LEARNING DISABILITY,RTQ13,"HONEYBOURNE, CHELTENHAM",GL51 9EZ,51.907063,-2.082947,Swindon Clinical Waste Transfer and Treatment Facility - EPR/CP3138QD,Treatment,46.5 km,No
RTQ,GLOUCESTERSHIRE HEALTH AND CARE NHS FOUNDATION TRUST,SOUTH WEST COMMISSIONING REGION,MENTAL HEALTH AND LEARNING DISABILITY,RTQ16,FAIRFORD HOSPITAL,GL7 4BB,51.708117,-1.778169,Swindon Clinical Waste Transfer and Treatment Facility - EPR/CP3138QD,Treatment,21.7 km,Yes
RTQ,GLOUCESTERSHIRE HEALTH AND CARE NHS FOUNDATION TRUST,SOUTH WEST COMMISSIONING REGION,MENTAL HEALTH AND LEARNING DISABILITY,RTQ21,CIRENCESTER HOSPITAL,GL7 1UY,51.712109,-1.975629,Swindon Clinical Waste Transfer and Treatment Facility - EPR/CP3138QD,Treatment,22.6 km,Yes
RTQ,GLOUCESTERSHIRE HEALTH AND CARE NHS FOUNDATION TRUST,SOUTH WEST COMMISSIONING REGION,MENTAL HEALTH AND LEARNING DISABILITY,RTQ25,CIRENCESTER MEMORIAL CENTRE,GL7 1RQ,51.715021,-1.971516,Swindon Clinical Waste Transfer and Treatment Facility - EPR/CP3138QD,Treatment,22.7 km,Yes
RTQ,GLOUCESTERSHIRE HEALTH AND CARE NHS FOUNDATION TRUST,SOUTH WEST COMMISSIONING REGION,MENTAL HEALTH AND LEARNING DISABILITY,RTQ29,NORTH COTSWOLD HOSPITAL,GL56 0DS,51.983564,-1.705946,Swindon Clinical Waste Transfer and Treatment Facility - EPR/CP3138QD,Treatment,56.2 km,No
RTQ,GLOUCESTERSHIRE HEALTH AND CARE NHS FOUNDATION TRUST,SOUTH WEST COMMISSIONING REGION,MENTAL HEALTH AND LEARNING DISABILITY,RTQ31,COLLIERS COURT,GL14 2QA,51.825753,-2.490344,Severn Road Resource Recovery Centre - Energy from Waste Facility,Incineration,47.3 km,No
RTQ,GLOUCESTERSHIRE HEALTH AND CARE NHS FOUNDATION TRUST,SOUTH WEST COMMISSIONING REGION,MENTAL HEALTH AND LEARNING DISABILITY,RTQ33,WEAVERS CROFT,GL5 2HZ,51.742718,-2.209883,Avonmouth Treatment Centre  EPR/KP3937DU,Incineration,51.2 km,Yes
RTQ,GLOUCESTERSHIRE HEALTH AND CARE NHS FOUNDATION TRUST,SOUTH WEST COMMISSIONING REGION,MENTAL HEALTH AND LEARNING DISABILITY,RTQ42,VALE COMMUNITY HOSPITAL,GL11 4BA,51.688047,-2.353364,Avonmouth Treatment Centre  EPR/KP3937DU,Incineration,38.4 km,Yes
RTQ,GLOUCESTERSHIRE HEALTH AND CARE NHS FOUNDATION TRUST,SOUTH WEST COMMISSIONING REGION,MENTAL HEALTH AND LEARNING DISABILITY,RTQ44,EDWARD JENNER COURT,GL3 4AW,51.844174,-2.177447,Swindon Clinical Waste Transfer and Treatment Facility - EPR/CP3138QD,Treatment,47.3 km,Yes
RTQ,GLOUCESTERSHIRE HEALTH AND CARE NHS FOUNDATION TRUST,SOUTH WEST COMMISSIONING REGION,MENTAL HEALTH AND LEARNING DISABILITY,RTQ50,"ACORN HOUSE, GLOUCESTER",GL1 3PX,51.865641,-2.226895,Swindon Clinical Waste Transfer and Treatment Facility - EPR/CP3138QD,Treatment,50.4 km,Yes
RTQ,GLOUCESTERSHIRE HEALTH AND CARE NHS FOUNDATION TRUST,SOUTH WEST COMMISSIONING REGION,MENTAL HEALTH AND LEARNING DISABILITY,RTQ54,BERKELEY HOUSE (FORMERLY HOLLYBROOK),GL5 4SA,51.746403,-2.247676,Avonmouth Treatment Centre  EPR/KP3937DU,Incineration,49.5 km,Yes
RTQ,GLOUCESTERSHIRE HEALTH AND CARE NHS FOUNDATION TRUST,SOUTH WEST COMMISSIONING REGION,MENTAL HEALTH AND LEARNING DISABILITY,RTQ72,BROWNHILL CLINIC,GL50 4BW,51.906714,-2.081493,Swindon Clinical Waste Transfer and Treatment Facility - EPR/CP3138QD,Treatment,46.6 km,No
RTQ,GLOUCESTERSHIRE HEALTH AND CARE NHS FOUNDATION TRUST,SOUTH WEST COMMISSIONING REGION,MENTAL HEALTH AND LEARNING DISABILITY,RTQ75,PARK HOUSE DAY CENTRE,GL5 2JG,51.739532,-2.206725,Swindon Clinical Waste Transfer and Treatment Facility - EPR/CP3138QD,Treatment,40.8 km,Yes
RTQ,GLOUCESTERSHIRE HEALTH AND CARE NHS FOUNDATION TRUST,SOUTH WEST COMMISSIONING REGION,MENTAL HEALTH AND LEARNING DISABILITY,RTQ87,TEWKESBURY GENERAL HOSPITAL,GL20 5QN,51.992156,-2.152471,Swindon Clinical Waste Transfer and Treatment Facility - EPR/CP3138QD,Treatment,64.1 km,No
RTQ,GLOUCESTERSHIRE HEALTH AND CARE NHS FOUNDATION TRUST,SOUTH WEST COMMISSIONING REGION,MENTAL HEALTH AND LEARNING DISABILITY,RTQ99,THE RIKENEL,GL1 1LY,51.860426,-2.244687,Avonmouth Treatment Centre  EPR/KP3937DU,Incineration,54.8 km,Yes
RTQ,GLOUCESTERSHIRE HEALTH AND CARE NHS FOUNDATION TRUST,SOUTH WEST COMMISSIONING REGION,MENTAL HEALTH AND LEARNING DISABILITY,RTQAD,INDEPENDENT LIVING CENTRE,GL51 0BY,51.91492,-2.106907,Swindon Clinical Waste Transfer and Treatment Facility - EPR/CP3138QD,Treatment,54.2 km,No
RTQ,GLOUCESTERSHIRE HEALTH AND CARE NHS FOUNDATION TRUST,SOUTH WEST COMMISSIONING REGION,MENTAL HEALTH AND LEARNING DISABILITY,RTQB2,GEORGE MOORE COMMUNITY CLINIC,GL54 2AZ,51.886317,-1.75678,Swindon Clinical Waste Transfer and Treatment Facility - EPR/CP3138QD,Treatment,45.9 km,Yes
RTQ,GLOUCESTERSHIRE HEALTH AND CARE NHS FOUNDATION TRUST,SOUTH WEST COMMISSIONING REGION,MENTAL HEALTH AND LEARNING DISABILITY,RTQBA,SOUTHGATE MOORINGS,GL1 2DB,51.862997,-2.24929,Avonmouth Treatment Centre  EPR/KP3937DU,Incineration,55.2 km,Yes
RTQ,GLOUCESTERSHIRE HEALTH AND CARE NHS FOUNDATION TRUST,SOUTH WEST COMMISSIONING REGION,MENTAL HEALTH AND LEARNING DISABILITY,RTQDK,INVISTA,GL3 4HP,51.84574,-2.164258,Swindon Clinical Waste Transfer and Treatment Facility - EPR/CP3138QD,Treatment,43.8 km,Yes
RTQ,GLOUCESTERSHIRE HEALTH AND CARE NHS FOUNDATION TRUST,SOUTH WEST COMMISSIONING REGION,MENTAL HEALTH AND LEARNING DISABILITY,RTQG1,LAUREL HOUSE CHELTENHAM,GL50 4NB,,,N/A,N/A,0,N/A
RTQ,GLOUCESTERSHIRE HEALTH AND CARE NHS FOUNDATION TRUST,SOUTH WEST COMMISSIONING REGION,MENTAL HEALTH AND LEARNING DISABILITY,RTQORS,OTHER REPORTABLE SITES,GL1 1LY,51.860426,-2.244687,Avonmouth Treatment Centre  EPR/KP3937DU,Incineration,54.8 km,Yes
RTQ,GLOUCESTERSHIRE HEALTH AND CARE NHS FOUNDATION TRUST,SOUTH WEST COMMISSIONING REGION,MENTAL HEALTH AND LEARNING DISABILITY,Y4W1S,FOREST OF DEAN COMMUNITY HOSPITAL,GL14 3HY,51.832843,-2.508315,Avonmouth Treatment Centre  EPR/KP3937DU,Incineration,80.0 km,No
RTQ,GLOUCESTERSHIRE HEALTH AND CARE NHS FOUNDATION TRUST,SOUTH WEST COMMISSIONING REGION,MENTAL HEALTH AND LEARNING DISABILITY,Y9H5T,FIVE VALLEYS,GL5 3BS,51.745679,-2.218457,Avonmouth Treatment Centre  EPR/KP3937DU,Incineration,50.4 km,Yes
RVJ,NORTH BRISTOL NHS TRUST,SOUTH WEST COMMISSIONING REGION,ACUTE - LARGE,I0J7G,BRISTOL CENTRE FOR ENABLEMENT,BS34 5BW,51.527544,-2.59108,Avonmouth Treatment Centre  EPR/KP3937DU,Incineration,9.4 km,Yes
RVJ,NORTH BRISTOL NHS TRUST,SOUTH WEST COMMISSIONING REGION,ACUTE - LARGE,RVJ01,SOUTHMEAD HOSPITAL,BS10 5NB,51.494806,-2.591016,Severn Road Resource Recovery Centre - Energy from Waste Facility,Incineration,8.8 km,Yes
RVJ,NORTH BRISTOL NHS TRUST,SOUTH WEST COMMISSIONING REGION,ACUTE - LARGE,RVJ06,SOUTH BRISTOL RENAL UNIT,BS4 1WH,51.428745,-2.596291,Avonmouth Treatment Centre  EPR/KP3937DU,Incineration,15.8 km,Yes
RVJ,NORTH BRISTOL NHS TRUST,SOUTH WEST COMMISSIONING REGION,ACUTE - LARGE,RVJ20,FRENCHAY HOSPITAL,BS16 1LE,51.496597,-2.528419,Avonmouth Treatment Centre  EPR/KP3937DU,Incineration,20.3 km,Yes
RVJ,NORTH BRISTOL NHS TRUST,SOUTH WEST COMMISSIONING REGION,ACUTE - LARGE,RVJ21,COSSHAM HOSPITAL,BS15 1LF,51.468886,-2.516121,Avonmouth Treatment Centre  EPR/KP3937DU,Incineration,24.0 km,Yes
RVN,AVON AND WILTSHIRE MENTAL HEALTH PARTNERSHIP NHS TRUST,SOUTH WEST COMMISSIONING REGION,MENTAL HEALTH AND LEARNING DISABILITY,RVN2A,HILLVIEW,BA1 3QE,51.388601,-2.392311,Frome Clinical Waste Treatment Plant and Transfer Station,Treatment,23.1 km,Yes
RVN,AVON AND WILTSHIRE MENTAL HEALTH PARTNERSHIP NHS TRUST,SOUTH WEST COMMISSIONING REGION,MENTAL HEALTH AND LEARNING DISABILITY,RVN2E,BATH NHS HOUSE,BA1 3QE,51.388601,-2.392311,Frome Clinical Waste Treatment Plant and Transfer Station,Treatment,23.1 km,Yes
RVN,AVON AND WILTSHIRE MENTAL HEALTH PARTNERSHIP NHS TRUST,SOUTH WEST COMMISSIONING REGION,MENTAL HEALTH AND LEARNING DISABILITY,RVN3F,PETHERTON,BS14 9BP,51.421786,-2.56325,Avonmouth Treatment Centre  EPR/KP3937DU,Incineration,17.5 km,Yes
RVN,AVON AND WILTSHIRE MENTAL HEALTH PARTNERSHIP NHS TRUST,SOUTH WEST COMMISSIONING REGION,MENTAL HEALTH AND LEARNING DISABILITY,RVN3L,"1 COLSTON FORT, MONTAGUE PLACE, BRISTOL",BS6 5UB,51.461383,-2.598285,Clinipower Avonmouth L L P,Treatment,9.7 km,Yes
RVN,AVON AND WILTSHIRE MENTAL HEALTH PARTNERSHIP NHS TRUST,SOUTH WEST COMMISSIONING REGION,MENTAL HEALTH AND LEARNING DISABILITY,RVN3N,SOUTHMEAD,BS10 5NB,51.494806,-2.591016,Severn Road Resource Recovery Centre - Energy from Waste Facility,Incineration,8.8 km,Yes
RVN,AVON AND WILTSHIRE MENTAL HEALTH PARTNERSHIP NHS TRUST,SOUTH WEST COMMISSIONING REGION,MENTAL HEALTH AND LEARNING DISABILITY,RVN3Q,BLACKBERRY HILL,BS16 2EW,51.483143,-2.538834,Avonmouth Treatment Centre  EPR/KP3937DU,Incineration,23.1 km,Yes
RVN,AVON AND WILTSHIRE MENTAL HEALTH PARTNERSHIP NHS TRUST,SOUTH WEST COMMISSIONING REGION,MENTAL HEALTH AND LEARNING DISABILITY,RVN4B,LONG FOX,BS23 4TQ,51.322331,-2.971405,Walpole Recovery Facility and Landfill Site - EPR/BK6785IE,Landfill,23.0 km,Yes
RVN,AVON AND WILTSHIRE MENTAL HEALTH PARTNERSHIP NHS TRUST,SOUTH WEST COMMISSIONING REGION,MENTAL HEALTH AND LEARNING DISABILITY,RVN4M,ELMHAM WAY,BS24 7AY,51.352893,-2.913617,Avonmouth Treatment Centre  EPR/KP3937DU,Incineration,26.2 km,Yes
RVN,AVON AND WILTSHIRE MENTAL HEALTH PARTNERSHIP NHS TRUST,SOUTH WEST COMMISSIONING REGION,MENTAL HEALTH AND LEARNING DISABILITY,RVN4N,COAST RESOURCE CENTRE,BS24 7FY,51.356362,-2.911633,Avonmouth Treatment Centre  EPR/KP3937DU,Incineration,26.4 km,Yes
RVN,AVON AND WILTSHIRE MENTAL HEALTH PARTNERSHIP NHS TRUST,SOUTH WEST COMMISSIONING REGION,MENTAL HEALTH AND LEARNING DISABILITY,RVN4Q,WINDMILL HOUSE,BS21 6UJ,51.42194,-2.849513,Avonmouth Treatment Centre  EPR/KP3937DU,Incineration,17.7 km,Yes
RVN,AVON AND WILTSHIRE MENTAL HEALTH PARTNERSHIP NHS TRUST,SOUTH WEST COMMISSIONING REGION,MENTAL HEALTH AND LEARNING DISABILITY,RVN51,KINGSWOOD CIVIC CENTRE,BS15 9TR,,,N/A,N/A,0,N/A
RVN,AVON AND WILTSHIRE MENTAL HEALTH PARTNERSHIP NHS TRUST,SOUTH WEST COMMISSIONING REGION,MENTAL HEALTH AND LEARNING DISABILITY,RVN5J,WHITTUCKS ROAD,BS15 3HY,51.443583,-2.512008,Avonmouth Treatment Centre  EPR/KP3937DU,Incineration,28.9 km,Yes
RVN,AVON AND WILTSHIRE MENTAL HEALTH PARTNERSHIP NHS TRUST,SOUTH WEST COMMISSIONING REGION,MENTAL HEALTH AND LEARNING DISABILITY,RVN6A,GREEN LANE,SN10 5DS,51.339146,-1.981296,Lower Compton Landfill EPR/BU5801ID,Landfill,13.7 km,Yes
RVN,AVON AND WILTSHIRE MENTAL HEALTH PARTNERSHIP NHS TRUST,SOUTH WEST COMMISSIONING REGION,MENTAL HEALTH AND LEARNING DISABILITY,RVN8A,SANDALWOOD COURT,SN3 4WF,51.588064,-1.747763,Swindon Clinical Waste Transfer and Treatment Facility - EPR/CP3138QD,Treatment,3.8 km,Yes
RVN,AVON AND WILTSHIRE MENTAL HEALTH PARTNERSHIP NHS TRUST,SOUTH WEST COMMISSIONING REGION,MENTAL HEALTH AND LEARNING DISABILITY,RVN9A,FOUNTAIN WAY,SP2 7EP,51.073371,-1.810376,Churchfields Depot,Treatment,1.9 km,Yes
RVN,AVON AND WILTSHIRE MENTAL HEALTH PARTNERSHIP NHS TRUST,SOUTH WEST COMMISSIONING REGION,MENTAL HEALTH AND LEARNING DISABILITY,RVNCE,VICTORIA CENTRE,SN3 6BW,51.538805,-1.725917,Swindon Clinical Waste Transfer and Treatment Facility - EPR/CP3138QD,Treatment,6.8 km,Yes
RVN,AVON AND WILTSHIRE MENTAL HEALTH PARTNERSHIP NHS TRUST,SOUTH WEST COMMISSIONING REGION,MENTAL HEALTH AND LEARNING DISABILITY,RVNCM,CHATSWORTH HOUSE,SN1 4BA,51.552854,-1.779357,Swindon Clinical Waste Transfer and Treatment Facility - EPR/CP3138QD,Treatment,3.9 km,Yes
RVN,AVON AND WILTSHIRE MENTAL HEALTH PARTNERSHIP NHS TRUST,SOUTH WEST COMMISSIONING REGION,MENTAL HEALTH AND LEARNING DISABILITY,RVNDF,RIVERSIDE BRISTOL,BS16 1EG,51.484598,-2.537367,Avonmouth Treatment Centre  EPR/KP3937DU,Incineration,23.2 km,Yes
RVN,AVON AND WILTSHIRE MENTAL HEALTH PARTNERSHIP NHS TRUST,SOUTH WEST COMMISSIONING REGION,MENTAL HEALTH AND LEARNING DISABILITY,RVNEL,SPEEDWELL CENTRE,BS5 7TJ,51.469053,-2.534982,Avonmouth Treatment Centre  EPR/KP3937DU,Incineration,25.5 km,Yes
RVN,AVON AND WILTSHIRE MENTAL HEALTH PARTNERSHIP NHS TRUST,SOUTH WEST COMMISSIONING REGION,MENTAL HEALTH AND LEARNING DISABILITY,RVNEQ,CALLINGTON ROAD HOSPITAL,BS4 5BJ,51.431264,-2.557556,Avonmouth Treatment Centre  EPR/KP3937DU,Incineration,17.4 km,Yes
RVN,AVON AND WILTSHIRE MENTAL HEALTH PARTNERSHIP NHS TRUST,SOUTH WEST COMMISSIONING REGION,MENTAL HEALTH AND LEARNING DISABILITY,RVNORS,OTHER REPORTABLE SITES,SN15 1GG,51.468373,-2.108278,Sand's Farm Facility,Treatment,13.9 km,Yes
RWV,DEVON PARTNERSHIP NHS TRUST,SOUTH WEST COMMISSIONING REGION,MENTAL HEALTH AND LEARNING DISABILITY,Q2A7P,BROOKLAND HALL,BS2 9RU,51.466587,-2.575506,Avonmouth Treatment Centre  EPR/KP3937DU,Incineration,24.5 km,Yes
RWV,DEVON PARTNERSHIP NHS TRUST,SOUTH WEST COMMISSIONING REGION,MENTAL HEALTH AND LEARNING DISABILITY,RWV05,BIDEFORD AND DISTRICT HOSPITAL (ABBOTSVALE),EX39 3AG,51.017812,-4.212783,Exeter City Council M R F,Treatment,76.9 km,No
RWV,DEVON PARTNERSHIP NHS TRUST,SOUTH WEST COMMISSIONING REGION,MENTAL HEALTH AND LEARNING DISABILITY,RWV0C,JASMINE LODGE,EX2 5AG,50.714357,-3.506421,Exeter City Council M R F,Treatment,4.8 km,Yes
RWV,DEVON PARTNERSHIP NHS TRUST,SOUTH WEST COMMISSIONING REGION,MENTAL HEALTH AND LEARNING DISABILITY,RWV12,NORTH DEVON DISTRICT HOSPITAL,EX31 4JB,51.092166,-4.050455,Exeter City Council M R F,Treatment,95.2 km,No
RWV,DEVON PARTNERSHIP NHS TRUST,SOUTH WEST COMMISSIONING REGION,MENTAL HEALTH AND LEARNING DISABILITY,RWV16,"CHADWELL CENTRE, PAIGNTON",TQ3 2DW,50.44906,-3.554547,Heathfield Landfill EPR/BV7028IP,Landfill,18.9 km,Yes
RWV,DEVON PARTNERSHIP NHS TRUST,SOUTH WEST COMMISSIONING REGION,MENTAL HEALTH AND LEARNING DISABILITY,RWV25,BRIARS CREATIVE THERAPY SERVICE,EX2 9JD,50.705317,-3.542302,Exeter City Council M R F,Treatment,1.5 km,Yes
RWV,DEVON PARTNERSHIP NHS TRUST,SOUTH WEST COMMISSIONING REGION,MENTAL HEALTH AND LEARNING DISABILITY,RWV27,NEW LEAF,EX6 8AB,50.681103,-3.50612,Exeter City Council M R F,Treatment,5.1 km,Yes
RWV,DEVON PARTNERSHIP NHS TRUST,SOUTH WEST COMMISSIONING REGION,MENTAL HEALTH AND LEARNING DISABILITY,RWV28,COMPASS HOUSE,EX2 4TL,50.720932,-3.515359,Exeter City Council M R F,Treatment,3.5 km,Yes
RWV,DEVON PARTNERSHIP NHS TRUST,SOUTH WEST COMMISSIONING REGION,MENTAL HEALTH AND LEARNING DISABILITY,RWV29,TIVERTON HOSPITAL,EX16 6NT,50.909397,-3.492982,Exeter City Council M R F,Treatment,47.7 km,Yes
RWV,DEVON PARTNERSHIP NHS TRUST,SOUTH WEST COMMISSIONING REGION,MENTAL HEALTH AND LEARNING DISABILITY,RWV40,SHERBOURNE HOUSE,TQ12 2PF,50.531471,-3.608785,Heathfield Landfill EPR/BV7028IP,Landfill,5.8 km,Yes
RWV,DEVON PARTNERSHIP NHS TRUST,SOUTH WEST COMMISSIONING REGION,MENTAL HEALTH AND LEARNING DISABILITY,RWV52,ST. JOHNS COURT,EX8 4DD,50.631351,-3.391989,Exeter City Council M R F,Treatment,24.6 km,Yes
RWV,DEVON PARTNERSHIP NHS TRUST,SOUTH WEST COMMISSIONING REGION,MENTAL HEALTH AND LEARNING DISABILITY,RWV55,TORBAY HOSPITAL,TQ2 7AA,50.482303,-3.553819,Heathfield Landfill EPR/BV7028IP,Landfill,14.1 km,Yes
RWV,DEVON PARTNERSHIP NHS TRUST,SOUTH WEST COMMISSIONING REGION,MENTAL HEALTH AND LEARNING DISABILITY,RWV62,WONFORD HOUSE HOSPITAL,EX2 5AF,50.715384,-3.506312,Exeter City Council M R F,Treatment,5.2 km,Yes
RWV,DEVON PARTNERSHIP NHS TRUST,SOUTH WEST COMMISSIONING REGION,MENTAL HEALTH AND LEARNING DISABILITY,RWV70,LANGDON HOSPITAL,EX7 0NR,50.599657,-3.468191,Exeter City Council M R F,Treatment,17.6 km,Yes
RWV,DEVON PARTNERSHIP NHS TRUST,SOUTH WEST COMMISSIONING REGION,MENTAL HEALTH AND LEARNING DISABILITY,RWV88,HAYDONS COURT (THE BUNGALOW),EX14 2DE,50.794917,-3.186587,South West Waste Recovery Facility,Treatment,2.4 km,Yes
RWV,DEVON PARTNERSHIP NHS TRUST,SOUTH WEST COMMISSIONING REGION,MENTAL HEALTH AND LEARNING DISABILITY,RWV93,THE CEDARS (EXETER),EX2 5SN,50.715336,-3.504441,Exeter City Council M R F,Treatment,5.8 km,Yes
RWV,DEVON PARTNERSHIP NHS TRUST,SOUTH WEST COMMISSIONING REGION,MENTAL HEALTH AND LEARNING DISABILITY,RWV94,HOSPITAL LANE - ASU (WHIPTON),EX1 3PQ,50.73178,-3.482409,Exeter City Council M R F,Treatment,8.8 km,Yes
RWV,DEVON PARTNERSHIP NHS TRUST,SOUTH WEST COMMISSIONING REGION,MENTAL HEALTH AND LEARNING DISABILITY,RWV98,FRANKLYN HOSPITAL SITE,EX2 9HS,50.712399,-3.549433,Exeter City Council M R F,Treatment,2.4 km,Yes
RWV,DEVON PARTNERSHIP NHS TRUST,SOUTH WEST COMMISSIONING REGION,MENTAL HEALTH AND LEARNING DISABILITY,RWVFT,CAMHS LIAISON (EVERGREEN HOUSE),EX2 4NU,50.718023,-3.514982,Exeter City Council M R F,Treatment,3.8 km,Yes
RWV,DEVON PARTNERSHIP NHS TRUST,SOUTH WEST COMMISSIONING REGION,MENTAL HEALTH AND LEARNING DISABILITY,RWVJK-X,PICU - THE JUNIPERS,EX2 5AG,50.714357,-3.506421,Exeter City Council M R F,Treatment,4.8 km,Yes
RWV,DEVON PARTNERSHIP NHS TRUST,SOUTH WEST COMMISSIONING REGION,MENTAL HEALTH AND LEARNING DISABILITY,RWVMZ,N DEVON SECTOR B (NMP) - WEST PILTON OFFICES,EX31 1QL,51.091224,-4.055925,Exeter City Council M R F,Treatment,95.3 km,No
RWV,DEVON PARTNERSHIP NHS TRUST,SOUTH WEST COMMISSIONING REGION,MENTAL HEALTH AND LEARNING DISABILITY,RWVORS,OTHER REPORTABLE SITES,EX2 5AF,50.715384,-3.506312,Exeter City Council M R F,Treatment,5.2 km,Yes
RYF,SOUTH WESTERN AMBULANCE SERVICE NHS FOUNDATION TRUST,SOUTH WEST COMMISSIONING REGION,AMBULANCE,R2V9F,REDRUTH AMB STN 2,TR15 3RQ,50.227412,-5.251429,Stoneybridge Park EPR/YP3934SM,Incineration,72.5 km,No
RYF,SOUTH WESTERN AMBULANCE SERVICE NHS FOUNDATION TRUST,SOUTH WEST COMMISSIONING REGION,AMBULANCE,R7H1Y,DORSET MAIN OPERATING BASE,BH21 7BU,50.807992,-1.915624,Canford Recycling Centre,Treatment,9.0 km,Yes
RYF,SOUTH WESTERN AMBULANCE SERVICE NHS FOUNDATION TRUST,SOUTH WEST COMMISSIONING REGION,AMBULANCE,RYF0A,ST JAMES A,BS32 4QJ,51.548468,-2.556191,Avonmouth Treatment Centre  EPR/KP3937DU,Incineration,13.2 km,Yes
RYF,SOUTH WESTERN AMBULANCE SERVICE NHS FOUNDATION TRUST,SOUTH WEST COMMISSIONING REGION,AMBULANCE,RYF28,TORQUAY AMBULANCE STATION,TQ2 7BP,50.4827,-3.551676,Heathfield Landfill EPR/BV7028IP,Landfill,13.9 km,Yes
RYF,SOUTH WESTERN AMBULANCE SERVICE NHS FOUNDATION TRUST,SOUTH WEST COMMISSIONING REGION,AMBULANCE,RYF35,DERRIFORD AMBULANCE STATION,PL6 5AB,50.416269,-4.119493,Derriford Incinerator EPR/GP3236AX/T001,Incineration,0.8 km,Yes
RYF,SOUTH WESTERN AMBULANCE SERVICE NHS FOUNDATION TRUST,SOUTH WEST COMMISSIONING REGION,AMBULANCE,RYF45,"TRUST HQ, SOWTON INDUSTRIAL ESTATE, EXETER",EX2 7HY,50.720158,-3.464758,Exeter City Council M R F,Treatment,12.4 km,Yes
RYF,SOUTH WESTERN AMBULANCE SERVICE NHS FOUNDATION TRUST,SOUTH WEST COMMISSIONING REGION,AMBULANCE,RYF46,TAUNTON AMBULANCE STATION,TA1 2LB,51.014957,-3.080897,Walpole Recovery Facility and Landfill Site - EPR/BK6785IE,Landfill,24.5 km,Yes
RYF,SOUTH WESTERN AMBULANCE SERVICE NHS FOUNDATION TRUST,SOUTH WEST COMMISSIONING REGION,AMBULANCE,RYFAM,LOGISTICS BASE KESTREL WAY,EX2 7JS,50.719162,-3.466059,Exeter City Council M R F,Treatment,12.4 km,Yes
RYF,SOUTH WESTERN AMBULANCE SERVICE NHS FOUNDATION TRUST,SOUTH WEST COMMISSIONING REGION,AMBULANCE,RYFDK,SWINDON AMBULANCE STATION,SN3 1AR,51.562886,-1.768474,Swindon Clinical Waste Transfer and Treatment Facility - EPR/CP3138QD,Treatment,2.8 km,Yes
RYF,SOUTH WESTERN AMBULANCE SERVICE NHS FOUNDATION TRUST,SOUTH WEST COMMISSIONING REGION,AMBULANCE,RYFDN,NORTH BRISTOL OPERATIONS CENTRE (HART),BS34 7QH,51.517853,-2.56889,Avonmouth Treatment Centre  EPR/KP3937DU,Incineration,12.3 km,Yes
RYF,SOUTH WESTERN AMBULANCE SERVICE NHS FOUNDATION TRUST,SOUTH WEST COMMISSIONING REGION,AMBULANCE,RYFEA,CENTRAL BRISTOL OPERATIONS CENTRE,BS5 0DA,51.458685,-2.567591,Avonmouth Treatment Centre  EPR/KP3937DU,Incineration,25.9 km,Yes
RYF,SOUTH WESTERN AMBULANCE SERVICE NHS FOUNDATION TRUST,SOUTH WEST COMMISSIONING REGION,AMBULANCE,RYFEF,ASOC,EX5 2FL,50.739104,-3.425156,South West Waste Recovery Facility,Treatment,20.4 km,Yes
RYF,SOUTH WESTERN AMBULANCE SERVICE NHS FOUNDATION TRUST,SOUTH WEST COMMISSIONING REGION,AMBULANCE,RYFORS,OTHER REPORTABLE SITES,EX2 7HY,50.720158,-3.464758,Exeter City Council M R F,Treatment,12.4 km,Yes
